path	status	location	x_robots	meta_robots	canonical	title	h1	jsonld
/	200				https://911electrics.com/	911 Construction & Electric Inc. | Electrician Los Angeles CA	Licensed Electricians in Los Angeles, CA for Repairs, Panel Upgrades & EV Chargers	Electrician,FAQPage
/100-amp-vs-200-amp-panel-upgrade-los-angeles/	200				https://911electrics.com/100-amp-vs-200-amp-panel-upgrade-los-angeles/	100-Amp vs 200-Amp Panel Upgrade LA | 911 Electric	100-Amp vs 200-Amp Panel Upgrade in Los Angeles	BlogPosting,BreadcrumbList,Electrician
/24-hour-emergency-electrician-los-angeles/	200				https://911electrics.com/24-hour-emergency-electrician-los-angeles/	24-Hour Emergency Electrician Los Angeles: When to Call	24-Hour Emergency Electrician Los Angeles: When to Call	BlogPosting,BreadcrumbList,Electrician
/240-volt-outlet-installation-los-angeles/	200				https://911electrics.com/240-volt-outlet-installation-los-angeles/	240-Volt Outlet Installation in Los Angeles	240-Volt Outlet Installation in Los Angeles	BlogPosting,BreadcrumbList,Electrician
/400-amp-service-upgrade-los-angeles/	200				https://911electrics.com/400-amp-service-upgrade-los-angeles/	400-Amp Service Upgrade in Los Angeles: Do You Need It?	400-Amp Service Upgrade in Los Angeles: Do You Need It?	BlogPosting,BreadcrumbList,Electrician
/7-warning-signs-your-los-angeles-home-needs-rewiring/	200				https://911electrics.com/7-warning-signs-your-los-angeles-home-needs-rewiring/	House Rewiring in Los Angeles: 7 Warning Signs | 911 Electric	7 Warning Signs Your Los Angeles Home Needs Rewiring	BlogPosting,BreadcrumbList,Electrician
/about/	200				https://911electrics.com/about/	About Us | 911 Construction & Electric Inc.	About 911 Construction & Electric Inc.	
/ac-disconnect-installation-los-angeles/	200				https://911electrics.com/ac-disconnect-installation-los-angeles/	AC Disconnect Installation in Los Angeles: Code Guide	AC Disconnect Installation in Los Angeles: Code Guide	BlogPosting,BreadcrumbList,Electrician
/adu-electrical-wiring-los-angeles/	200				https://911electrics.com/adu-electrical-wiring-los-angeles/	ADU Electrical Wiring in Los Angeles | 911 Electric	ADU Electrical Wiring in Los Angeles: Costs & Permits	BlogPosting,BreadcrumbList,Electrician
/aluminum-wiring-repair-los-angeles/	200				https://911electrics.com/aluminum-wiring-repair-los-angeles/	Aluminum Wiring Repair in Los Angeles | 911 Electric	Aluminum Wiring Repair in Los Angeles: Risks & Fixes	BlogPosting,BreadcrumbList,Electrician
/arc-fault-breaker-keeps-tripping-los-angeles/	200				https://911electrics.com/arc-fault-breaker-keeps-tripping-los-angeles/	Arc Fault Breaker Keeps Tripping in Los Angeles	Arc Fault Breaker Keeps Tripping in Los Angeles	BlogPosting,BreadcrumbList,Electrician
/attic-fan-installation-los-angeles/	200				https://911electrics.com/attic-fan-installation-los-angeles/	Attic Fan Installation in Los Angeles: Cost & Guide	Attic Fan Installation in Los Angeles: Cost & Guide	BlogPosting,BreadcrumbList,Electrician
/author/admin/	3xx	/blog/						
/bathroom-exhaust-fan-installation-los-angeles/	200				https://911electrics.com/bathroom-exhaust-fan-installation-los-angeles/	Bathroom Exhaust Fan Installation in Los Angeles	Bathroom Exhaust Fan Installation in Los Angeles	BlogPosting,BreadcrumbList,Electrician
/blog/	200				https://911electrics.com/blog/	Electrical Tips & Guides | 911 Construction & Electric Inc.	Electrical Tips, News & Expert Insights for Los Angeles Property Owners	
/carbon-monoxide-detector-installation-los-angeles/	200				https://911electrics.com/carbon-monoxide-detector-installation-los-angeles/	Carbon Monoxide Detector Installation in Los Angeles	Carbon Monoxide Detector Installation in Los Angeles	BlogPosting,BreadcrumbList,Electrician
/category-sitemap.xml	3xx	/sitemap.xml						
/category/electrical-tips/	200				https://911electrics.com/category/electrical-tips/	Electrical Tips | 911 Construction & Electric Inc.	Category: Electrical Tips	
/category/uncategorized/	3xx	/blog/						
/ceiling-fan-installation-cost-los-angeles/	200				https://911electrics.com/ceiling-fan-installation-cost-los-angeles/	Ceiling Fan Installation Cost in Los Angeles	Ceiling Fan Installation Cost in Los Angeles	BlogPosting,BreadcrumbList,Electrician
/ceiling-fan-installation-los-angeles/	200				https://911electrics.com/ceiling-fan-installation-los-angeles/	Ceiling Fan Installation in Los Angeles | 911 Electric	Ceiling Fan Installation in Los Angeles	BlogPosting,BreadcrumbList,Electrician
/chandelier-installation-los-angeles/	200				https://911electrics.com/chandelier-installation-los-angeles/	Chandelier Installation in Los Angeles: Cost & Guide	Chandelier Installation in Los Angeles: Cost & Guide	BlogPosting,BreadcrumbList,Electrician
/circuit-breaker-keeps-tripping-los-angeles/	200				https://911electrics.com/circuit-breaker-keeps-tripping-los-angeles/	Circuit Breaker Keeps Tripping in LA | 911 Electric	Why Your Circuit Breaker Keeps Tripping in Los Angeles	BlogPosting,BreadcrumbList,Electrician
/circuit-breaker-replacement-los-angeles/	200				https://911electrics.com/circuit-breaker-replacement-los-angeles/	Circuit Breaker Replacement Cost in Los Angeles	Circuit Breaker Replacement Cost in Los Angeles	BlogPosting,BreadcrumbList,Electrician
/comments/feed/	3xx	/blog/						
/commercial-electrical-inspection-los-angeles/	200				https://911electrics.com/commercial-electrical-inspection-los-angeles/	Commercial Electrical Inspection Los Angeles: What to Expect	Commercial Electrical Inspection Los Angeles: What to Expect	BlogPosting,BreadcrumbList,Electrician
/commercial-electrical-services-los-angeles/	200				https://911electrics.com/commercial-electrical-services-los-angeles/	Commercial Electrician in Los Angeles | 911 Electric	Commercial Electrical Services in Los Angeles	BlogPosting,BreadcrumbList,Electrician
/commercial-ev-charging-station-installation-los-angeles/	200				https://911electrics.com/commercial-ev-charging-station-installation-los-angeles/	Commercial EV Charging Station Installation in Los Angeles	Commercial EV Charging Station Installation in Los Angeles	BlogPosting,BreadcrumbList,Electrician
/commercial-generator-installation-los-angeles/	200				https://911electrics.com/commercial-generator-installation-los-angeles/	Commercial Generator Installation in Los Angeles	Commercial Generator Installation in Los Angeles	BlogPosting,BreadcrumbList,Electrician
/commercial-lighting-installation-los-angeles/	200				https://911electrics.com/commercial-lighting-installation-los-angeles/	Commercial Lighting Installation in Los Angeles | 911 Electric	Commercial Lighting Installation in Los Angeles	BlogPosting,BreadcrumbList,Electrician
/complete-guide-ev-charger-installation-los-angeles/	200				https://911electrics.com/complete-guide-ev-charger-installation-los-angeles/	EV Charger Installation LA | 911 Construction & Electric	The Complete Guide to Electric Vehicle Charger Installation in Los Angeles	BlogPosting,BreadcrumbList,Electrician
/contact/	200				https://911electrics.com/contact/	Contact Us 911 Construction & Electric Today	Contact 911 Construction & Electric in Los Angeles, CA	
/cost-to-rewire-a-house-los-angeles/	200				https://911electrics.com/cost-to-rewire-a-house-los-angeles/	Cost to Rewire a House in LA (2026) | 911 Electric	Cost to Rewire a House in Los Angeles (2026 Guide)	BlogPosting,BreadcrumbList,Electrician
/dedicated-circuit-installation-los-angeles/	200				https://911electrics.com/dedicated-circuit-installation-los-angeles/	Dedicated Circuit Installation in Los Angeles: Guide	Dedicated Circuit Installation in Los Angeles: Guide	BlogPosting,BreadcrumbList,Electrician
/do-federal-pacific-panels-need-to-be-replaced-los-angeles/	200				https://911electrics.com/do-federal-pacific-panels-need-to-be-replaced-los-angeles/	Do Federal Pacific Panels Need Replacing? Los Angeles	Do Federal Pacific Panels Need Replacing? Los Angeles	BlogPosting,BreadcrumbList,Electrician
/do-los-angeles-homes-need-gfci-outlet-upgrades/	200				https://911electrics.com/do-los-angeles-homes-need-gfci-outlet-upgrades/	GFCI Outlet Installation Cost in Los Angeles | 911 Electric	Do Los Angeles Homes Need GFCI Outlet Upgrades?	BlogPosting,BreadcrumbList,Electrician
/double-tapped-breaker-los-angeles/	200				https://911electrics.com/double-tapped-breaker-los-angeles/	Double Tapped Breaker in Los Angeles: Risks & Fixes	Double Tapped Breaker in Los Angeles: Risks & Fixes	BlogPosting,BreadcrumbList,Electrician
/dryer-outlet-installation-los-angeles/	200				https://911electrics.com/dryer-outlet-installation-los-angeles/	Dryer Outlet Installation in Los Angeles: Cost & Code	Dryer Outlet Installation in Los Angeles: Cost & Code	BlogPosting,BreadcrumbList,Electrician
/electric-meter-box-replacement-los-angeles/	200				https://911electrics.com/electric-meter-box-replacement-los-angeles/	Electric Meter Box Replacement Cost in Los Angeles	Electric Meter Box Replacement Cost in Los Angeles	BlogPosting,BreadcrumbList,Electrician
/electric-range-installation-los-angeles/	200				https://911electrics.com/electric-range-installation-los-angeles/	Electric Range Installation in Los Angeles: Wiring Guide	Electric Range Installation in Los Angeles: Wiring Guide	BlogPosting,BreadcrumbList,Electrician
/electric-tankless-water-heater-installation-los-angeles/	200				https://911electrics.com/electric-tankless-water-heater-installation-los-angeles/	Electric Tankless Water Heater Wiring in Los Angeles	Electric Tankless Water Heater Wiring in Los Angeles	BlogPosting,BreadcrumbList,Electrician
/electrical-load-calculation-los-angeles/	200				https://911electrics.com/electrical-load-calculation-los-angeles/	Electrical Load Calculation in Los Angeles: A Guide	Electrical Load Calculation in Los Angeles: A Guide	BlogPosting,BreadcrumbList,Electrician
/electrical-outlet-installation-cost-los-angeles/	200				https://911electrics.com/electrical-outlet-installation-cost-los-angeles/	Electrical Outlet Installation Cost in Los Angeles	Electrical Outlet Installation Cost in Los Angeles	BlogPosting,BreadcrumbList,Electrician
/electrical-panel-buzzing-los-angeles/	200				https://911electrics.com/electrical-panel-buzzing-los-angeles/	Electrical Panel Buzzing in Los Angeles: Is It Dangerous?	Electrical Panel Buzzing in Los Angeles: Is It Dangerous?	BlogPosting,BreadcrumbList,Electrician
/electrical-panel-maintenance-los-angeles/	200				https://911electrics.com/electrical-panel-maintenance-los-angeles/	Electrical Panel Maintenance in Los Angeles: Checklist	Electrical Panel Maintenance in Los Angeles: Checklist	BlogPosting,BreadcrumbList,Electrician
/electrical-panel-permit-los-angeles/	200				https://911electrics.com/electrical-panel-permit-los-angeles/	Electrical Panel Permit Los Angeles: Do You Need One?	Electrical Panel Permit Los Angeles: Do You Need One?	BlogPosting,BreadcrumbList,Electrician
/electrical-panel-relocation-los-angeles/	200				https://911electrics.com/electrical-panel-relocation-los-angeles/	Electrical Panel Relocation Cost in Los Angeles	Electrical Panel Relocation Cost in Los Angeles	BlogPosting,BreadcrumbList,Electrician
/electrical-panel-upgrade-cost-los-angeles/	200				https://911electrics.com/electrical-panel-upgrade-cost-los-angeles/	Panel Upgrade Cost in Los Angeles (2026) | 911 Electric	Electrical Panel Upgrade Cost in Los Angeles (2026 Guide)	BlogPosting,BreadcrumbList,Electrician
/electrical-panel-upgrade-for-solar-los-angeles/	200				https://911electrics.com/electrical-panel-upgrade-for-solar-los-angeles/	Electrical Panel Upgrade for Solar in Los Angeles	Electrical Panel Upgrade for Solar in Los Angeles	BlogPosting,BreadcrumbList,Electrician
/electrical-panel-upgrades-alhambra-ca/	200				https://911electrics.com/electrical-panel-upgrades-alhambra-ca/	Electrical Panel Upgrades in Alhambra, CA	Electrical Panel Upgrades in Alhambra, CA	BreadcrumbList,Electrician,FAQPage,Service
/electrical-panel-upgrades-altadena-ca/	200				https://911electrics.com/electrical-panel-upgrades-altadena-ca/	Electrical Panel Upgrades in Altadena, CA	Electrical Panel Upgrades in Altadena, CA	BreadcrumbList,Electrician,FAQPage,Service
/electrical-panel-upgrades-arcadia-ca/	200				https://911electrics.com/electrical-panel-upgrades-arcadia-ca/	Electrical Panel Upgrades in Arcadia, CA	Electrical Panel Upgrades in Arcadia, CA	BreadcrumbList,Electrician,FAQPage,Service
/electrical-panel-upgrades-arleta-ca/	200				https://911electrics.com/electrical-panel-upgrades-arleta-ca/	Electrical Panel Upgrades in Arleta, CA	Electrical Panel Upgrades in Arleta, CA	BreadcrumbList,Electrician,FAQPage,Service
/electrical-panel-upgrades-baldwin-park-ca/	200				https://911electrics.com/electrical-panel-upgrades-baldwin-park-ca/	Electrical Panel Upgrades in Baldwin Park, CA	Electrical Panel Upgrades in Baldwin Park, CA	BreadcrumbList,Electrician,FAQPage,Service
/electrical-panel-upgrades-beverly-hills-ca/	200				https://911electrics.com/electrical-panel-upgrades-beverly-hills-ca/	Electrical Panel Upgrades in Beverly Hills, CA	Electrical Panel Upgrades in Beverly Hills, CA	BreadcrumbList,Electrician,FAQPage,Service
/electrical-panel-upgrades-burbank-ca/	200				https://911electrics.com/electrical-panel-upgrades-burbank-ca/	Electrical Panel Upgrades in Burbank, CA	Electrical Panel Upgrades in Burbank, CA	BreadcrumbList,Electrician,FAQPage,Service
/electrical-panel-upgrades-calabasas-ca/	200				https://911electrics.com/electrical-panel-upgrades-calabasas-ca/	Electrical Panel Upgrades in Calabasas, CA	Electrical Panel Upgrades in Calabasas, CA	BreadcrumbList,Electrician,FAQPage,Service
/electrical-panel-upgrades-canoga-park-ca/	200				https://911electrics.com/electrical-panel-upgrades-canoga-park-ca/	Electrical Panel Upgrades in Canoga Park, CA	Electrical Panel Upgrades in Canoga Park, CA	BreadcrumbList,Electrician,FAQPage,Service
/electrical-panel-upgrades-chatsworth-ca/	200				https://911electrics.com/electrical-panel-upgrades-chatsworth-ca/	Electrical Panel Upgrades in Chatsworth, CA	Electrical Panel Upgrades in Chatsworth, CA	BreadcrumbList,Electrician,FAQPage,Service
/electrical-panel-upgrades-duarte-ca/	200				https://911electrics.com/electrical-panel-upgrades-duarte-ca/	Electrical Panel Upgrades in Duarte, CA	Electrical Panel Upgrades in Duarte, CA	BreadcrumbList,Electrician,FAQPage,Service
/electrical-panel-upgrades-eagle-rock-ca/	200				https://911electrics.com/electrical-panel-upgrades-eagle-rock-ca/	Electrical Panel Upgrades in Eagle Rock, CA	Electrical Panel Upgrades in Eagle Rock, CA	BreadcrumbList,Electrician,FAQPage,Service
/electrical-panel-upgrades-el-monte-ca/	200				https://911electrics.com/electrical-panel-upgrades-el-monte-ca/	Electrical Panel Upgrades in El Monte, CA	Electrical Panel Upgrades in El Monte, CA	BreadcrumbList,Electrician,FAQPage,Service
/electrical-panel-upgrades-encino-ca/	200				https://911electrics.com/electrical-panel-upgrades-encino-ca/	Electrical Panel Upgrades in Encino, CA	Electrical Panel Upgrades in Encino, CA	BreadcrumbList,Electrician,FAQPage,Service
/electrical-panel-upgrades-glendale-ca/	200				https://911electrics.com/electrical-panel-upgrades-glendale-ca/	Electrical Panel Upgrades in Glendale, CA	Electrical Panel Upgrades in Glendale, CA	BreadcrumbList,Electrician,FAQPage,Service
/electrical-panel-upgrades-granada-hills-ca/	200				https://911electrics.com/electrical-panel-upgrades-granada-hills-ca/	Electrical Panel Upgrades in Granada Hills, CA	Electrical Panel Upgrades in Granada Hills, CA	BreadcrumbList,Electrician,FAQPage,Service
/electrical-panel-upgrades-hancock-park-ca/	200				https://911electrics.com/electrical-panel-upgrades-hancock-park-ca/	Electrical Panel Upgrades in Hancock Park, CA	Electrical Panel Upgrades in Hancock Park, CA	BreadcrumbList,Electrician,FAQPage,Service
/electrical-panel-upgrades-highland-park-ca/	200				https://911electrics.com/electrical-panel-upgrades-highland-park-ca/	Electrical Panel Upgrades in Highland Park, CA	Electrical Panel Upgrades in Highland Park, CA	BreadcrumbList,Electrician,FAQPage,Service
/electrical-panel-upgrades-hollywood-ca/	200				https://911electrics.com/electrical-panel-upgrades-hollywood-ca/	Electrical Panel Upgrades in Hollywood, CA	Electrical Panel Upgrades in Hollywood, CA	BreadcrumbList,Electrician,FAQPage,Service
/electrical-panel-upgrades-la-canada-ca/	200				https://911electrics.com/electrical-panel-upgrades-la-canada-ca/	Electrical Panel Upgrades in La Canada, CA	Electrical Panel Upgrades in La Canada, CA	BreadcrumbList,Electrician,FAQPage,Service
/electrical-panel-upgrades-la-crescenta-ca/	200				https://911electrics.com/electrical-panel-upgrades-la-crescenta-ca/	Electrical Panel Upgrades in La Crescenta, CA	Electrical Panel Upgrades in La Crescenta, CA	BreadcrumbList,Electrician,FAQPage,Service
/electrical-panel-upgrades-long-beach-ca/	200				https://911electrics.com/electrical-panel-upgrades-long-beach-ca/	Electrical Panel Upgrades in Long Beach, CA	Electrical Panel Upgrades in Long Beach, CA	BreadcrumbList,Electrician,FAQPage,Service
/electrical-panel-upgrades-los-angeles-ca/	200				https://911electrics.com/electrical-panel-upgrades-los-angeles-ca/	Electrical Panel Upgrades in Los Angeles, CA | 911 Electric	Professional Electrical Panel Upgrades in Los Angeles, CA	BreadcrumbList,Electrician,FAQPage,Service
/electrical-panel-upgrades-los-feliz-ca/	200				https://911electrics.com/electrical-panel-upgrades-los-feliz-ca/	Electrical Panel Upgrades in Los Feliz, CA	Electrical Panel Upgrades in Los Feliz, CA	BreadcrumbList,Electrician,FAQPage,Service
/electrical-panel-upgrades-melrose-ca/	200				https://911electrics.com/electrical-panel-upgrades-melrose-ca/	Electrical Panel Upgrades in Melrose, CA	Electrical Panel Upgrades in Melrose, CA	BreadcrumbList,Electrician,FAQPage,Service
/electrical-panel-upgrades-mission-hills-ca/	200				https://911electrics.com/electrical-panel-upgrades-mission-hills-ca/	Electrical Panel Upgrades in Mission Hills, CA	Electrical Panel Upgrades in Mission Hills, CA	BreadcrumbList,Electrician,FAQPage,Service
/electrical-panel-upgrades-monrovia-ca/	200				https://911electrics.com/electrical-panel-upgrades-monrovia-ca/	Electrical Panel Upgrades in Monrovia, CA	Electrical Panel Upgrades in Monrovia, CA	BreadcrumbList,Electrician,FAQPage,Service
/electrical-panel-upgrades-montebello-ca/	200				https://911electrics.com/electrical-panel-upgrades-montebello-ca/	Electrical Panel Upgrades in Montebello, CA	Electrical Panel Upgrades in Montebello, CA	BreadcrumbList,Electrician,FAQPage,Service
/electrical-panel-upgrades-monterey-park-ca/	200				https://911electrics.com/electrical-panel-upgrades-monterey-park-ca/	Electrical Panel Upgrades in Monterey Park, CA	Electrical Panel Upgrades in Monterey Park, CA	BreadcrumbList,Electrician,FAQPage,Service
/electrical-panel-upgrades-montrose-ca/	200				https://911electrics.com/electrical-panel-upgrades-montrose-ca/	Electrical Panel Upgrades in Montrose, CA	Electrical Panel Upgrades in Montrose, CA	BreadcrumbList,Electrician,FAQPage,Service
/electrical-panel-upgrades-north-hills-ca/	200				https://911electrics.com/electrical-panel-upgrades-north-hills-ca/	Electrical Panel Upgrades in North Hills, CA	Electrical Panel Upgrades in North Hills, CA	BreadcrumbList,Electrician,FAQPage,Service
/electrical-panel-upgrades-north-hollywood-ca/	200				https://911electrics.com/electrical-panel-upgrades-north-hollywood-ca/	Electrical Panel Upgrades in North Hollywood, CA	Electrical Panel Upgrades in North Hollywood, CA	BreadcrumbList,Electrician,FAQPage,Service
/electrical-panel-upgrades-northridge-ca/	200				https://911electrics.com/electrical-panel-upgrades-northridge-ca/	Electrical Panel Upgrades in Northridge, CA	Electrical Panel Upgrades in Northridge, CA	BreadcrumbList,Electrician,FAQPage,Service
/electrical-panel-upgrades-oxnard-ca/	200				https://911electrics.com/electrical-panel-upgrades-oxnard-ca/	Electrical Panel Upgrades in Oxnard, CA	Electrical Panel Upgrades in Oxnard, CA	BreadcrumbList,Electrician,FAQPage,Service
/electrical-panel-upgrades-pasadena-ca/	200				https://911electrics.com/electrical-panel-upgrades-pasadena-ca/	Electrical Panel Upgrades in Pasadena, CA	Electrical Panel Upgrades in Pasadena, CA	BreadcrumbList,Electrician,FAQPage,Service
/electrical-panel-upgrades-porter-ranch-ca/	200				https://911electrics.com/electrical-panel-upgrades-porter-ranch-ca/	Electrical Panel Upgrades in Porter Ranch, CA	Electrical Panel Upgrades in Porter Ranch, CA	BreadcrumbList,Electrician,FAQPage,Service
/electrical-panel-upgrades-reseda-ca/	200				https://911electrics.com/electrical-panel-upgrades-reseda-ca/	Electrical Panel Upgrades in Reseda, CA	Electrical Panel Upgrades in Reseda, CA	BreadcrumbList,Electrician,FAQPage,Service
/electrical-panel-upgrades-rosemead-ca/	200				https://911electrics.com/electrical-panel-upgrades-rosemead-ca/	Electrical Panel Upgrades in Rosemead, CA	Electrical Panel Upgrades in Rosemead, CA	BreadcrumbList,Electrician,FAQPage,Service
/electrical-panel-upgrades-san-fernando-ca/	200				https://911electrics.com/electrical-panel-upgrades-san-fernando-ca/	Electrical Panel Upgrades in San Fernando, CA	Electrical Panel Upgrades in San Fernando, CA	BreadcrumbList,Electrician,FAQPage,Service
/electrical-panel-upgrades-san-fernando-valley-ca/	200				https://911electrics.com/electrical-panel-upgrades-san-fernando-valley-ca/	Electrical Panel Upgrades in San Fernando Valley, CA	Electrical Panel Upgrades in San Fernando Valley, CA	BreadcrumbList,Electrician,FAQPage,Service
/electrical-panel-upgrades-san-gabriel-ca/	200				https://911electrics.com/electrical-panel-upgrades-san-gabriel-ca/	Electrical Panel Upgrades in San Gabriel, CA	Electrical Panel Upgrades in San Gabriel, CA	BreadcrumbList,Electrician,FAQPage,Service
/electrical-panel-upgrades-san-marino-ca/	200				https://911electrics.com/electrical-panel-upgrades-san-marino-ca/	Electrical Panel Upgrades in San Marino, CA	Electrical Panel Upgrades in San Marino, CA	BreadcrumbList,Electrician,FAQPage,Service
/electrical-panel-upgrades-santa-monica-ca/	200				https://911electrics.com/electrical-panel-upgrades-santa-monica-ca/	Electrical Panel Upgrades in Santa Monica, CA	Electrical Panel Upgrades in Santa Monica, CA	BreadcrumbList,Electrician,FAQPage,Service
/electrical-panel-upgrades-sherman-oaks-ca/	200				https://911electrics.com/electrical-panel-upgrades-sherman-oaks-ca/	Electrical Panel Upgrades in Sherman Oaks, CA	Electrical Panel Upgrades in Sherman Oaks, CA	BreadcrumbList,Electrician,FAQPage,Service
/electrical-panel-upgrades-sierra-madre-ca/	200				https://911electrics.com/electrical-panel-upgrades-sierra-madre-ca/	Electrical Panel Upgrades in Sierra Madre, CA	Electrical Panel Upgrades in Sierra Madre, CA	BreadcrumbList,Electrician,FAQPage,Service
/electrical-panel-upgrades-south-pasadena-ca/	200				https://911electrics.com/electrical-panel-upgrades-south-pasadena-ca/	Electrical Panel Upgrades in South Pasadena, CA	Electrical Panel Upgrades in South Pasadena, CA	BreadcrumbList,Electrician,FAQPage,Service
/electrical-panel-upgrades-studio-city-ca/	200				https://911electrics.com/electrical-panel-upgrades-studio-city-ca/	Electrical Panel Upgrades in Studio City, CA	Electrical Panel Upgrades in Studio City, CA	BreadcrumbList,Electrician,FAQPage,Service
/electrical-panel-upgrades-sun-valley-ca/	200				https://911electrics.com/electrical-panel-upgrades-sun-valley-ca/	Electrical Panel Upgrades in Sun Valley, CA	Electrical Panel Upgrades in Sun Valley, CA	BreadcrumbList,Electrician,FAQPage,Service
/electrical-panel-upgrades-sunland-ca/	200				https://911electrics.com/electrical-panel-upgrades-sunland-ca/	Electrical Panel Upgrades in Sunland, CA	Electrical Panel Upgrades in Sunland, CA	BreadcrumbList,Electrician,FAQPage,Service
/electrical-panel-upgrades-sylmar-ca/	200				https://911electrics.com/electrical-panel-upgrades-sylmar-ca/	Electrical Panel Upgrades in Sylmar, CA	Electrical Panel Upgrades in Sylmar, CA	BreadcrumbList,Electrician,FAQPage,Service
/electrical-panel-upgrades-tarzana-ca/	200				https://911electrics.com/electrical-panel-upgrades-tarzana-ca/	Electrical Panel Upgrades in Tarzana, CA	Electrical Panel Upgrades in Tarzana, CA	BreadcrumbList,Electrician,FAQPage,Service
/electrical-panel-upgrades-temple-city-ca/	200				https://911electrics.com/electrical-panel-upgrades-temple-city-ca/	Electrical Panel Upgrades in Temple City, CA	Electrical Panel Upgrades in Temple City, CA	BreadcrumbList,Electrician,FAQPage,Service
/electrical-panel-upgrades-thousand-oaks-ca/	200				https://911electrics.com/electrical-panel-upgrades-thousand-oaks-ca/	Electrical Panel Upgrades in Thousand Oaks, CA	Electrical Panel Upgrades in Thousand Oaks, CA	BreadcrumbList,Electrician,FAQPage,Service
/electrical-panel-upgrades-toluca-lake-ca/	200				https://911electrics.com/electrical-panel-upgrades-toluca-lake-ca/	Electrical Panel Upgrades in Toluca Lake, CA	Electrical Panel Upgrades in Toluca Lake, CA	BreadcrumbList,Electrician,FAQPage,Service
/electrical-panel-upgrades-tujunga-ca/	200				https://911electrics.com/electrical-panel-upgrades-tujunga-ca/	Electrical Panel Upgrades in Tujunga, CA	Electrical Panel Upgrades in Tujunga, CA	BreadcrumbList,Electrician,FAQPage,Service
/electrical-panel-upgrades-van-nuys-ca/	200				https://911electrics.com/electrical-panel-upgrades-van-nuys-ca/	Electrical Panel Upgrades in Van Nuys, CA	Electrical Panel Upgrades in Van Nuys, CA	BreadcrumbList,Electrician,FAQPage,Service
/electrical-panel-upgrades-west-hills-ca/	200				https://911electrics.com/electrical-panel-upgrades-west-hills-ca/	Electrical Panel Upgrades in West Hills, CA	Electrical Panel Upgrades in West Hills, CA	BreadcrumbList,Electrician,FAQPage,Service
/electrical-panel-upgrades-woodland-hills-ca/	200				https://911electrics.com/electrical-panel-upgrades-woodland-hills-ca/	Electrical Panel Upgrades in Woodland Hills, CA	Electrical Panel Upgrades in Woodland Hills, CA	BreadcrumbList,Electrician,FAQPage,Service
/electrical-preventive-maintenance-los-angeles/	200				https://911electrics.com/electrical-preventive-maintenance-los-angeles/	Electrical Preventive Maintenance in Los Angeles	Electrical Preventive Maintenance in Los Angeles	BlogPosting,BreadcrumbList,Electrician
/electrical-repairs-alhambra-ca/	200				https://911electrics.com/electrical-repairs-alhambra-ca/	Electrical Repairs & Troubleshooting in Alhambra, CA	Electrical Repairs & Troubleshooting in Alhambra, CA	BreadcrumbList,Electrician,FAQPage,Service
/electrical-repairs-altadena-ca/	200				https://911electrics.com/electrical-repairs-altadena-ca/	Electrical Repairs & Troubleshooting in Altadena, CA	Electrical Repairs & Troubleshooting in Altadena, CA	BreadcrumbList,Electrician,FAQPage,Service
/electrical-repairs-arcadia-ca/	200				https://911electrics.com/electrical-repairs-arcadia-ca/	Electrical Repairs & Troubleshooting in Arcadia, CA	Electrical Repairs & Troubleshooting in Arcadia, CA	BreadcrumbList,Electrician,FAQPage,Service
/electrical-repairs-arleta-ca/	200				https://911electrics.com/electrical-repairs-arleta-ca/	Electrical Repairs & Troubleshooting in Arleta, CA	Electrical Repairs & Troubleshooting in Arleta, CA	BreadcrumbList,Electrician,FAQPage,Service
/electrical-repairs-baldwin-park-ca/	200				https://911electrics.com/electrical-repairs-baldwin-park-ca/	Electrical Repairs & Troubleshooting in Baldwin Park, CA	Electrical Repairs & Troubleshooting in Baldwin Park, CA	BreadcrumbList,Electrician,FAQPage,Service
/electrical-repairs-beverly-hills-ca/	200				https://911electrics.com/electrical-repairs-beverly-hills-ca/	Electrical Repairs & Troubleshooting in Beverly Hills, CA	Electrical Repairs & Troubleshooting in Beverly Hills, CA	BreadcrumbList,Electrician,FAQPage,Service
/electrical-repairs-burbank-ca/	200				https://911electrics.com/electrical-repairs-burbank-ca/	Electrical Repairs & Troubleshooting in Burbank, CA	Electrical Repairs & Troubleshooting in Burbank, CA	BreadcrumbList,Electrician,FAQPage,Service
/electrical-repairs-calabasas-ca/	200				https://911electrics.com/electrical-repairs-calabasas-ca/	Electrical Repairs & Troubleshooting in Calabasas, CA	Electrical Repairs & Troubleshooting in Calabasas, CA	BreadcrumbList,Electrician,FAQPage,Service
/electrical-repairs-canoga-park-ca/	200				https://911electrics.com/electrical-repairs-canoga-park-ca/	Electrical Repairs & Troubleshooting in Canoga Park, CA	Electrical Repairs & Troubleshooting in Canoga Park, CA	BreadcrumbList,Electrician,FAQPage,Service
/electrical-repairs-chatsworth-ca/	200				https://911electrics.com/electrical-repairs-chatsworth-ca/	Electrical Repairs & Troubleshooting in Chatsworth, CA	Electrical Repairs & Troubleshooting in Chatsworth, CA	BreadcrumbList,Electrician,FAQPage,Service
/electrical-repairs-duarte-ca/	200				https://911electrics.com/electrical-repairs-duarte-ca/	Electrical Repairs & Troubleshooting in Duarte, CA	Electrical Repairs & Troubleshooting in Duarte, CA	BreadcrumbList,Electrician,FAQPage,Service
/electrical-repairs-eagle-rock-ca/	200				https://911electrics.com/electrical-repairs-eagle-rock-ca/	Electrical Repairs & Troubleshooting in Eagle Rock, CA	Electrical Repairs & Troubleshooting in Eagle Rock, CA	BreadcrumbList,Electrician,FAQPage,Service
/electrical-repairs-el-monte-ca/	200				https://911electrics.com/electrical-repairs-el-monte-ca/	Electrical Repairs & Troubleshooting in El Monte, CA	Electrical Repairs & Troubleshooting in El Monte, CA	BreadcrumbList,Electrician,FAQPage,Service
/electrical-repairs-encino-ca/	200				https://911electrics.com/electrical-repairs-encino-ca/	Electrical Repairs & Troubleshooting in Encino, CA	Electrical Repairs & Troubleshooting in Encino, CA	BreadcrumbList,Electrician,FAQPage,Service
/electrical-repairs-glendale-ca/	200				https://911electrics.com/electrical-repairs-glendale-ca/	Electrical Repairs & Troubleshooting in Glendale, CA	Electrical Repairs & Troubleshooting in Glendale, CA	BreadcrumbList,Electrician,FAQPage,Service
/electrical-repairs-granada-hills-ca/	200				https://911electrics.com/electrical-repairs-granada-hills-ca/	Electrical Repairs & Troubleshooting in Granada Hills, CA	Electrical Repairs & Troubleshooting in Granada Hills, CA	BreadcrumbList,Electrician,FAQPage,Service
/electrical-repairs-hancock-park-ca/	200				https://911electrics.com/electrical-repairs-hancock-park-ca/	Electrical Repairs & Troubleshooting in Hancock Park, CA	Electrical Repairs & Troubleshooting in Hancock Park, CA	BreadcrumbList,Electrician,FAQPage,Service
/electrical-repairs-highland-park-ca/	200				https://911electrics.com/electrical-repairs-highland-park-ca/	Electrical Repairs & Troubleshooting in Highland Park, CA	Electrical Repairs & Troubleshooting in Highland Park, CA	BreadcrumbList,Electrician,FAQPage,Service
/electrical-repairs-hollywood-ca/	200				https://911electrics.com/electrical-repairs-hollywood-ca/	Electrical Repairs & Troubleshooting in Hollywood, CA	Electrical Repairs & Troubleshooting in Hollywood, CA	BreadcrumbList,Electrician,FAQPage,Service
/electrical-repairs-la-canada-ca/	200				https://911electrics.com/electrical-repairs-la-canada-ca/	Electrical Repairs & Troubleshooting in La Canada, CA	Electrical Repairs & Troubleshooting in La Canada, CA	BreadcrumbList,Electrician,FAQPage,Service
/electrical-repairs-la-crescenta-ca/	200				https://911electrics.com/electrical-repairs-la-crescenta-ca/	Electrical Repairs & Troubleshooting in La Crescenta, CA	Electrical Repairs & Troubleshooting in La Crescenta, CA	BreadcrumbList,Electrician,FAQPage,Service
/electrical-repairs-long-beach-ca/	200				https://911electrics.com/electrical-repairs-long-beach-ca/	Electrical Repairs & Troubleshooting in Long Beach, CA	Electrical Repairs & Troubleshooting in Long Beach, CA	BreadcrumbList,Electrician,FAQPage,Service
/electrical-repairs-los-angeles-ca/	200				https://911electrics.com/electrical-repairs-los-angeles-ca/	Electrical Repairs in Los Angeles, CA | 911 Electric	Professional Electrical Repairs & Troubleshooting in Los Angeles, CA	BreadcrumbList,Electrician,FAQPage,Service
/electrical-repairs-los-feliz-ca/	200				https://911electrics.com/electrical-repairs-los-feliz-ca/	Electrical Repairs & Troubleshooting in Los Feliz, CA	Electrical Repairs & Troubleshooting in Los Feliz, CA	BreadcrumbList,Electrician,FAQPage,Service
/electrical-repairs-melrose-ca/	200				https://911electrics.com/electrical-repairs-melrose-ca/	Electrical Repairs & Troubleshooting in Melrose, CA	Electrical Repairs & Troubleshooting in Melrose, CA	BreadcrumbList,Electrician,FAQPage,Service
/electrical-repairs-mission-hills-ca/	200				https://911electrics.com/electrical-repairs-mission-hills-ca/	Electrical Repairs & Troubleshooting in Mission Hills, CA	Electrical Repairs & Troubleshooting in Mission Hills, CA	BreadcrumbList,Electrician,FAQPage,Service
/electrical-repairs-monrovia-ca/	200				https://911electrics.com/electrical-repairs-monrovia-ca/	Electrical Repairs & Troubleshooting in Monrovia, CA	Electrical Repairs & Troubleshooting in Monrovia, CA	BreadcrumbList,Electrician,FAQPage,Service
/electrical-repairs-montebello-ca/	200				https://911electrics.com/electrical-repairs-montebello-ca/	Electrical Repairs & Troubleshooting in Montebello, CA	Electrical Repairs & Troubleshooting in Montebello, CA	BreadcrumbList,Electrician,FAQPage,Service
/electrical-repairs-monterey-park-ca/	200				https://911electrics.com/electrical-repairs-monterey-park-ca/	Electrical Repairs & Troubleshooting in Monterey Park, CA	Electrical Repairs & Troubleshooting in Monterey Park, CA	BreadcrumbList,Electrician,FAQPage,Service
/electrical-repairs-montrose-ca/	200				https://911electrics.com/electrical-repairs-montrose-ca/	Electrical Repairs & Troubleshooting in Montrose, CA	Electrical Repairs & Troubleshooting in Montrose, CA	BreadcrumbList,Electrician,FAQPage,Service
/electrical-repairs-north-hills-ca/	200				https://911electrics.com/electrical-repairs-north-hills-ca/	Electrical Repairs & Troubleshooting in North Hills, CA	Electrical Repairs & Troubleshooting in North Hills, CA	BreadcrumbList,Electrician,FAQPage,Service
/electrical-repairs-north-hollywood-ca/	200				https://911electrics.com/electrical-repairs-north-hollywood-ca/	Electrical Repairs & Troubleshooting in North Hollywood, CA	Electrical Repairs & Troubleshooting in North Hollywood, CA	BreadcrumbList,Electrician,FAQPage,Service
/electrical-repairs-northridge-ca/	200				https://911electrics.com/electrical-repairs-northridge-ca/	Electrical Repairs & Troubleshooting in Northridge, CA	Electrical Repairs & Troubleshooting in Northridge, CA	BreadcrumbList,Electrician,FAQPage,Service
/electrical-repairs-oxnard-ca/	200				https://911electrics.com/electrical-repairs-oxnard-ca/	Electrical Repairs & Troubleshooting in Oxnard, CA	Electrical Repairs & Troubleshooting in Oxnard, CA	BreadcrumbList,Electrician,FAQPage,Service
/electrical-repairs-pasadena-ca/	200				https://911electrics.com/electrical-repairs-pasadena-ca/	Electrical Repairs & Troubleshooting in Pasadena, CA	Electrical Repairs & Troubleshooting in Pasadena, CA	BreadcrumbList,Electrician,FAQPage,Service
/electrical-repairs-porter-ranch-ca/	200				https://911electrics.com/electrical-repairs-porter-ranch-ca/	Electrical Repairs & Troubleshooting in Porter Ranch, CA	Electrical Repairs & Troubleshooting in Porter Ranch, CA	BreadcrumbList,Electrician,FAQPage,Service
/electrical-repairs-reseda-ca/	200				https://911electrics.com/electrical-repairs-reseda-ca/	Electrical Repairs & Troubleshooting in Reseda, CA	Electrical Repairs & Troubleshooting in Reseda, CA	BreadcrumbList,Electrician,FAQPage,Service
/electrical-repairs-rosemead-ca/	200				https://911electrics.com/electrical-repairs-rosemead-ca/	Electrical Repairs & Troubleshooting in Rosemead, CA	Electrical Repairs & Troubleshooting in Rosemead, CA	BreadcrumbList,Electrician,FAQPage,Service
/electrical-repairs-san-fernando-ca/	200				https://911electrics.com/electrical-repairs-san-fernando-ca/	Electrical Repairs & Troubleshooting in San Fernando, CA	Electrical Repairs & Troubleshooting in San Fernando, CA	BreadcrumbList,Electrician,FAQPage,Service
/electrical-repairs-san-fernando-valley-ca/	200				https://911electrics.com/electrical-repairs-san-fernando-valley-ca/	Electrical Repairs & Troubleshooting in San Fernando Valley, CA	Electrical Repairs & Troubleshooting in San Fernando Valley, CA	BreadcrumbList,Electrician,FAQPage,Service
/electrical-repairs-san-gabriel-ca/	200				https://911electrics.com/electrical-repairs-san-gabriel-ca/	Electrical Repairs & Troubleshooting in San Gabriel, CA	Electrical Repairs & Troubleshooting in San Gabriel, CA	BreadcrumbList,Electrician,FAQPage,Service
/electrical-repairs-san-marino-ca/	200				https://911electrics.com/electrical-repairs-san-marino-ca/	Electrical Repairs & Troubleshooting in San Marino, CA	Electrical Repairs & Troubleshooting in San Marino, CA	BreadcrumbList,Electrician,FAQPage,Service
/electrical-repairs-santa-monica-ca/	200				https://911electrics.com/electrical-repairs-santa-monica-ca/	Electrical Repairs & Troubleshooting in Santa Monica, CA	Electrical Repairs & Troubleshooting in Santa Monica, CA	BreadcrumbList,Electrician,FAQPage,Service
/electrical-repairs-sherman-oaks-ca/	200				https://911electrics.com/electrical-repairs-sherman-oaks-ca/	Electrical Repairs & Troubleshooting in Sherman Oaks, CA	Electrical Repairs & Troubleshooting in Sherman Oaks, CA	BreadcrumbList,Electrician,FAQPage,Service
/electrical-repairs-sierra-madre-ca/	200				https://911electrics.com/electrical-repairs-sierra-madre-ca/	Electrical Repairs & Troubleshooting in Sierra Madre, CA	Electrical Repairs & Troubleshooting in Sierra Madre, CA	BreadcrumbList,Electrician,FAQPage,Service
/electrical-repairs-south-pasadena-ca/	200				https://911electrics.com/electrical-repairs-south-pasadena-ca/	Electrical Repairs & Troubleshooting in South Pasadena, CA	Electrical Repairs & Troubleshooting in South Pasadena, CA	BreadcrumbList,Electrician,FAQPage,Service
/electrical-repairs-studio-city-ca/	200				https://911electrics.com/electrical-repairs-studio-city-ca/	Electrical Repairs & Troubleshooting in Studio City, CA	Electrical Repairs & Troubleshooting in Studio City, CA	BreadcrumbList,Electrician,FAQPage,Service
/electrical-repairs-sun-valley-ca/	200				https://911electrics.com/electrical-repairs-sun-valley-ca/	Electrical Repairs & Troubleshooting in Sun Valley, CA	Electrical Repairs & Troubleshooting in Sun Valley, CA	BreadcrumbList,Electrician,FAQPage,Service
/electrical-repairs-sunland-ca/	200				https://911electrics.com/electrical-repairs-sunland-ca/	Electrical Repairs & Troubleshooting in Sunland, CA	Electrical Repairs & Troubleshooting in Sunland, CA	BreadcrumbList,Electrician,FAQPage,Service
/electrical-repairs-sylmar-ca/	200				https://911electrics.com/electrical-repairs-sylmar-ca/	Electrical Repairs & Troubleshooting in Sylmar, CA	Electrical Repairs & Troubleshooting in Sylmar, CA	BreadcrumbList,Electrician,FAQPage,Service
/electrical-repairs-tarzana-ca/	200				https://911electrics.com/electrical-repairs-tarzana-ca/	Electrical Repairs & Troubleshooting in Tarzana, CA	Electrical Repairs & Troubleshooting in Tarzana, CA	BreadcrumbList,Electrician,FAQPage,Service
/electrical-repairs-temple-city-ca/	200				https://911electrics.com/electrical-repairs-temple-city-ca/	Electrical Repairs & Troubleshooting in Temple City, CA	Electrical Repairs & Troubleshooting in Temple City, CA	BreadcrumbList,Electrician,FAQPage,Service
/electrical-repairs-thousand-oaks-ca/	200				https://911electrics.com/electrical-repairs-thousand-oaks-ca/	Electrical Repairs & Troubleshooting in Thousand Oaks, CA	Electrical Repairs & Troubleshooting in Thousand Oaks, CA	BreadcrumbList,Electrician,FAQPage,Service
/electrical-repairs-toluca-lake-ca/	200				https://911electrics.com/electrical-repairs-toluca-lake-ca/	Electrical Repairs & Troubleshooting in Toluca Lake, CA	Electrical Repairs & Troubleshooting in Toluca Lake, CA	BreadcrumbList,Electrician,FAQPage,Service
/electrical-repairs-tujunga-ca/	200				https://911electrics.com/electrical-repairs-tujunga-ca/	Electrical Repairs & Troubleshooting in Tujunga, CA	Electrical Repairs & Troubleshooting in Tujunga, CA	BreadcrumbList,Electrician,FAQPage,Service
/electrical-repairs-van-nuys-ca/	200				https://911electrics.com/electrical-repairs-van-nuys-ca/	Electrical Repairs & Troubleshooting in Van Nuys, CA	Electrical Repairs & Troubleshooting in Van Nuys, CA	BreadcrumbList,Electrician,FAQPage,Service
/electrical-repairs-west-hills-ca/	200				https://911electrics.com/electrical-repairs-west-hills-ca/	Electrical Repairs & Troubleshooting in West Hills, CA	Electrical Repairs & Troubleshooting in West Hills, CA	BreadcrumbList,Electrician,FAQPage,Service
/electrical-repairs-woodland-hills-ca/	200				https://911electrics.com/electrical-repairs-woodland-hills-ca/	Electrical Repairs & Troubleshooting in Woodland Hills, CA	Electrical Repairs & Troubleshooting in Woodland Hills, CA	BreadcrumbList,Electrician,FAQPage,Service
/electrical-rough-in-inspection-los-angeles/	200				https://911electrics.com/electrical-rough-in-inspection-los-angeles/	Electrical Rough-In Inspection in Los Angeles | 911 Electric	Electrical Rough-In Inspection in Los Angeles: What to Expect	BlogPosting,BreadcrumbList,Electrician
/electrical-safety-inspection-los-angeles/	200				https://911electrics.com/electrical-safety-inspection-los-angeles/	Electrical Safety Inspection in Los Angeles Guide	Electrical Safety Inspection in Los Angeles Guide	BlogPosting,BreadcrumbList,Electrician
/electrical-service-mast-replacement-los-angeles/	200				https://911electrics.com/electrical-service-mast-replacement-los-angeles/	Electrical Service Mast Replacement in Los Angeles	Electrical Service Mast Replacement in Los Angeles	BlogPosting,BreadcrumbList,Electrician
/electrical-services-property-management-companies-los-angeles/	200				https://911electrics.com/electrical-services-property-management-companies-los-angeles/	Electrician for Property Managers LA | 911 Electric	Electrical Services for Property Management Companies in Los Angeles	BlogPosting,BreadcrumbList,Electrician
/electrical-services-restoration-companies-los-angeles/	200				https://911electrics.com/electrical-services-restoration-companies-los-angeles/	Electrician for Restoration Companies | 911 Electric	Electrical Services for Restoration Companies in Los Angeles	BlogPosting,BreadcrumbList,Electrician
/electrician-alhambra-ca-panel-upgrades/	200				https://911electrics.com/electrician-alhambra-ca-panel-upgrades/	Electrician in Alhambra, CA: Panel Upgrade Guide	Electrician in Alhambra, CA: Panel Upgrade Guide	BlogPosting,BreadcrumbList,Electrician
/electrician-alhambra-ca/	200				https://911electrics.com/electrician-alhambra-ca/	Electrician in Alhambra, CA | 911 Electric	Electrician in Alhambra, CA for Repairs, Panel Upgrades & EV Chargers	BreadcrumbList,Electrician,FAQPage
/electrician-altadena-ca-panel-upgrades/	200				https://911electrics.com/electrician-altadena-ca-panel-upgrades/	Electrician in Altadena, CA: Rebuilds & Panel Upgrades	Electrician in Altadena, CA: Rebuilds & Panel Upgrades	BlogPosting,BreadcrumbList,Electrician
/electrician-altadena-ca/	200				https://911electrics.com/electrician-altadena-ca/	Electrician in Altadena, CA | 911 Electric	Electrician in Altadena, CA for Repairs, Panel Upgrades & EV Chargers	BreadcrumbList,Electrician,FAQPage
/electrician-arcadia-ca-panel-upgrades/	200				https://911electrics.com/electrician-arcadia-ca-panel-upgrades/	Electrician in Arcadia, CA: Panel Upgrades & Rewiring	Electrician in Arcadia, CA: Panel Upgrades & Rewiring	BlogPosting,BreadcrumbList,Electrician
/electrician-arcadia-ca/	200				https://911electrics.com/electrician-arcadia-ca/	Electrician in Arcadia, CA | 911 Electric	Electrician in Arcadia, CA for Repairs, Panel Upgrades & EV Chargers	BreadcrumbList,Electrician,FAQPage
/electrician-arleta-ca/	200				https://911electrics.com/electrician-arleta-ca/	Electrician in Arleta, CA | 911 Electric	Electrician in Arleta, CA for Repairs, Panel Upgrades & EV Chargers	BreadcrumbList,Electrician,FAQPage
/electrician-baldwin-park-ca-electrical-repairs/	200				https://911electrics.com/electrician-baldwin-park-ca-electrical-repairs/	Electrician in Baldwin Park, CA: Electrical Repairs	Electrician in Baldwin Park, CA: Electrical Repairs	BlogPosting,BreadcrumbList,Electrician
/electrician-baldwin-park-ca/	200				https://911electrics.com/electrician-baldwin-park-ca/	Electrician in Baldwin Park, CA | 911 Electric	Electrician in Baldwin Park, CA for Repairs, Panel Upgrades & EV Chargers	BreadcrumbList,Electrician,FAQPage
/electrician-beverly-hills-ca/	200				https://911electrics.com/electrician-beverly-hills-ca/	Electrician in Beverly Hills, CA | 911 Electric	Electrician in Beverly Hills, CA for Repairs, Panel Upgrades & EV Chargers	BreadcrumbList,Electrician,FAQPage
/electrician-burbank-ca-panel-upgrades-ev-chargers/	200				https://911electrics.com/electrician-burbank-ca-panel-upgrades-ev-chargers/	Electrician in Burbank, CA: Panel Upgrades & EV Chargers	Electrician in Burbank, CA: Panel Upgrades & EV Chargers	BlogPosting,BreadcrumbList,Electrician
/electrician-burbank-ca/	200				https://911electrics.com/electrician-burbank-ca/	Electrician in Burbank, CA | 911 Electric	Electrician in Burbank, CA for Repairs, Panel Upgrades & EV Chargers	BreadcrumbList,Electrician,FAQPage
/electrician-calabasas-ca/	200				https://911electrics.com/electrician-calabasas-ca/	Electrician in Calabasas, CA | 911 Electric	Electrician in Calabasas, CA for Repairs, Panel Upgrades & EV Chargers	BreadcrumbList,Electrician,FAQPage
/electrician-canoga-park-ca/	200				https://911electrics.com/electrician-canoga-park-ca/	Electrician in Canoga Park, CA | 911 Electric	Electrician in Canoga Park, CA for Repairs, Panel Upgrades & EV Chargers	BreadcrumbList,Electrician,FAQPage
/electrician-chatsworth-ca/	200				https://911electrics.com/electrician-chatsworth-ca/	Electrician in Chatsworth, CA | 911 Electric	Electrician in Chatsworth, CA for Repairs, Panel Upgrades & EV Chargers	BreadcrumbList,Electrician,FAQPage
/electrician-cost-los-angeles/	200				https://911electrics.com/electrician-cost-los-angeles/	How Much Does an Electrician Cost in Los Angeles?	How Much Does an Electrician Cost in Los Angeles?	BlogPosting,BreadcrumbList,Electrician
/electrician-duarte-ca-panel-upgrades/	200				https://911electrics.com/electrician-duarte-ca-panel-upgrades/	Electrical Panel Upgrades in Duarte, CA: Homeowner's Guide	Electrical Panel Upgrades in Duarte, CA: Homeowner's Guide	BlogPosting,BreadcrumbList,Electrician
/electrician-duarte-ca/	200				https://911electrics.com/electrician-duarte-ca/	Electrician in Duarte, CA | 911 Electric	Electrician in Duarte, CA for Repairs, Panel Upgrades & EV Chargers	BreadcrumbList,Electrician,FAQPage
/electrician-eagle-rock-ca-panel-upgrades/	200				https://911electrics.com/electrician-eagle-rock-ca-panel-upgrades/	Eagle Rock Electrician: Panel Upgrades for Older Homes	Eagle Rock Electrician: Panel Upgrades for Older Homes	BlogPosting,BreadcrumbList,Electrician
/electrician-eagle-rock-ca/	200				https://911electrics.com/electrician-eagle-rock-ca/	Electrician in Eagle Rock, CA | 911 Electric	Electrician in Eagle Rock, CA for Repairs, Panel Upgrades & EV Chargers	BreadcrumbList,Electrician,FAQPage
/electrician-el-monte-ca-panel-upgrades/	200				https://911electrics.com/electrician-el-monte-ca-panel-upgrades/	Electrician in El Monte, CA: Electrical Panel Upgrades	Electrician in El Monte, CA: Electrical Panel Upgrades	BlogPosting,BreadcrumbList,Electrician
/electrician-el-monte-ca/	200				https://911electrics.com/electrician-el-monte-ca/	Electrician in El Monte, CA | 911 Electric	Electrician in El Monte, CA for Repairs, Panel Upgrades & EV Chargers	BreadcrumbList,Electrician,FAQPage
/electrician-encino-ca/	200				https://911electrics.com/electrician-encino-ca/	Electrician in Encino, CA | 911 Electric	Electrician in Encino, CA for Repairs, Panel Upgrades & EV Chargers	BreadcrumbList,Electrician,FAQPage
/electrician-glendale-ca-panel-upgrades-ev-chargers/	200				https://911electrics.com/electrician-glendale-ca-panel-upgrades-ev-chargers/	Electrician in Glendale, CA: Panels, EV Chargers & More	Electrician in Glendale, CA: Panels, EV Chargers & More	BlogPosting,BreadcrumbList,Electrician
/electrician-glendale-ca/	200				https://911electrics.com/electrician-glendale-ca/	Electrician in Glendale, CA | 911 Electric	Electrician in Glendale, CA for Repairs, Panel Upgrades & EV Chargers	BreadcrumbList,Electrician,FAQPage
/electrician-granada-hills-ca/	200				https://911electrics.com/electrician-granada-hills-ca/	Electrician in Granada Hills, CA | 911 Electric	Electrician in Granada Hills, CA for Repairs, Panel Upgrades & EV Chargers	BreadcrumbList,Electrician,FAQPage
/electrician-hancock-park-ca/	200				https://911electrics.com/electrician-hancock-park-ca/	Electrician in Hancock Park, CA | 911 Electric	Electrician in Hancock Park, CA for Repairs, Panel Upgrades & EV Chargers	BreadcrumbList,Electrician,FAQPage
/electrician-highland-park-ca-rewiring/	200				https://911electrics.com/electrician-highland-park-ca-rewiring/	Highland Park Electrician: Rewiring Older LA Homes	Highland Park Electrician: Rewiring Older LA Homes	BlogPosting,BreadcrumbList,Electrician
/electrician-highland-park-ca/	200				https://911electrics.com/electrician-highland-park-ca/	Electrician in Highland Park, CA | 911 Electric	Electrician in Highland Park, CA for Repairs, Panel Upgrades & EV Chargers	BreadcrumbList,Electrician,FAQPage
/electrician-highland-park-los-angeles/	200				https://911electrics.com/electrician-highland-park-los-angeles/	Highland Park Electrician in Los Angeles: Panel Upgrades	Highland Park Electrician in Los Angeles: Panel Upgrades	BlogPosting,BreadcrumbList,Electrician
/electrician-hollywood-ca/	200				https://911electrics.com/electrician-hollywood-ca/	Electrician in Hollywood, CA | 911 Electric	Electrician in Hollywood, CA for Repairs, Panel Upgrades & EV Chargers	BreadcrumbList,Electrician,FAQPage
/electrician-la-canada-ca/	200				https://911electrics.com/electrician-la-canada-ca/	Electrician in La Canada, CA | 911 Electric	Electrician in La Canada, CA for Repairs, Panel Upgrades & EV Chargers	BreadcrumbList,Electrician,FAQPage
/electrician-la-crescenta-ca/	200				https://911electrics.com/electrician-la-crescenta-ca/	Electrician in La Crescenta, CA | 911 Electric	Electrician in La Crescenta, CA for Repairs, Panel Upgrades & EV Chargers	BreadcrumbList,Electrician,FAQPage
/electrician-long-beach-ca/	200				https://911electrics.com/electrician-long-beach-ca/	Electrician in Long Beach, CA | 911 Electric	Electrician in Long Beach, CA for Repairs, Panel Upgrades & EV Chargers	BreadcrumbList,Electrician,FAQPage
/electrician-los-feliz-ca/	200				https://911electrics.com/electrician-los-feliz-ca/	Electrician in Los Feliz, CA | 911 Electric	Electrician in Los Feliz, CA for Repairs, Panel Upgrades & EV Chargers	BreadcrumbList,Electrician,FAQPage
/electrician-melrose-ca/	200				https://911electrics.com/electrician-melrose-ca/	Electrician in Melrose, CA | 911 Electric	Electrician in Melrose, CA for Repairs, Panel Upgrades & EV Chargers	BreadcrumbList,Electrician,FAQPage
/electrician-mission-hills-ca/	200				https://911electrics.com/electrician-mission-hills-ca/	Electrician in Mission Hills, CA | 911 Electric	Electrician in Mission Hills, CA for Repairs, Panel Upgrades & EV Chargers	BreadcrumbList,Electrician,FAQPage
/electrician-monrovia-ca-rewiring/	200				https://911electrics.com/electrician-monrovia-ca-rewiring/	Electrician in Monrovia, CA: Rewiring Older Homes	Electrician in Monrovia, CA: Rewiring Older Homes	BlogPosting,BreadcrumbList,Electrician
/electrician-monrovia-ca/	200				https://911electrics.com/electrician-monrovia-ca/	Electrician in Monrovia, CA | 911 Electric	Electrician in Monrovia, CA for Repairs, Panel Upgrades & EV Chargers	BreadcrumbList,Electrician,FAQPage
/electrician-montebello-ca-electrical-repairs/	200				https://911electrics.com/electrician-montebello-ca-electrical-repairs/	Electrician in Montebello, CA: Electrical Repair Guide	Electrician in Montebello, CA: Electrical Repair Guide	BlogPosting,BreadcrumbList,Electrician
/electrician-montebello-ca/	200				https://911electrics.com/electrician-montebello-ca/	Electrician in Montebello, CA | 911 Electric	Electrician in Montebello, CA for Repairs, Panel Upgrades & EV Chargers	BreadcrumbList,Electrician,FAQPage
/electrician-monterey-park-ca-ev-chargers/	200				https://911electrics.com/electrician-monterey-park-ca-ev-chargers/	EV Charger Installation Monterey Park, CA: Cost & Permits	EV Charger Installation Monterey Park, CA: Cost & Permits	BlogPosting,BreadcrumbList,Electrician
/electrician-monterey-park-ca/	200				https://911electrics.com/electrician-monterey-park-ca/	Electrician in Monterey Park, CA | 911 Electric	Electrician in Monterey Park, CA for Repairs, Panel Upgrades & EV Chargers	BreadcrumbList,Electrician,FAQPage
/electrician-montrose-ca/	200				https://911electrics.com/electrician-montrose-ca/	Electrician in Montrose, CA | 911 Electric	Electrician in Montrose, CA for Repairs, Panel Upgrades & EV Chargers	BreadcrumbList,Electrician,FAQPage
/electrician-north-hills-ca/	200				https://911electrics.com/electrician-north-hills-ca/	Electrician in North Hills, CA | 911 Electric	Electrician in North Hills, CA for Repairs, Panel Upgrades & EV Chargers	BreadcrumbList,Electrician,FAQPage
/electrician-north-hollywood-ca/	200				https://911electrics.com/electrician-north-hollywood-ca/	Electrician in North Hollywood, CA | 911 Electric	Electrician in North Hollywood, CA for Repairs, Panel Upgrades & EV Chargers	BreadcrumbList,Electrician,FAQPage
/electrician-northridge-ca/	200				https://911electrics.com/electrician-northridge-ca/	Electrician in Northridge, CA | 911 Electric	Electrician in Northridge, CA for Repairs, Panel Upgrades & EV Chargers	BreadcrumbList,Electrician,FAQPage
/electrician-oxnard-ca/	200				https://911electrics.com/electrician-oxnard-ca/	Electrician in Oxnard, CA | 911 Electric	Electrician in Oxnard, CA for Repairs, Panel Upgrades & EV Chargers	BreadcrumbList,Electrician,FAQPage
/electrician-pasadena-ca-panel-upgrades/	200				https://911electrics.com/electrician-pasadena-ca-panel-upgrades/	Electrician in Pasadena, CA: Panel Upgrades & Rewiring	Electrician in Pasadena, CA: Panel Upgrades & Rewiring	BlogPosting,BreadcrumbList,Electrician
/electrician-pasadena-ca/	200				https://911electrics.com/electrician-pasadena-ca/	Electrician in Pasadena, CA | 911 Electric	Electrician in Pasadena, CA for Repairs, Panel Upgrades & EV Chargers	BreadcrumbList,Electrician,FAQPage
/electrician-porter-ranch-ca/	200				https://911electrics.com/electrician-porter-ranch-ca/	Electrician in Porter Ranch, CA | 911 Electric	Electrician in Porter Ranch, CA for Repairs, Panel Upgrades & EV Chargers	BreadcrumbList,Electrician,FAQPage
/electrician-reseda-ca/	200				https://911electrics.com/electrician-reseda-ca/	Electrician in Reseda, CA | 911 Electric	Electrician in Reseda, CA for Repairs, Panel Upgrades & EV Chargers	BreadcrumbList,Electrician,FAQPage
/electrician-rosemead-ca-electrical-repairs/	200				https://911electrics.com/electrician-rosemead-ca-electrical-repairs/	Electrician in Rosemead, CA: Electrical Repair Guide	Electrician in Rosemead, CA: Electrical Repair Guide	BlogPosting,BreadcrumbList,Electrician
/electrician-rosemead-ca/	200				https://911electrics.com/electrician-rosemead-ca/	Electrician in Rosemead, CA | 911 Electric	Electrician in Rosemead, CA for Repairs, Panel Upgrades & EV Chargers	BreadcrumbList,Electrician,FAQPage
/electrician-san-fernando-ca/	200				https://911electrics.com/electrician-san-fernando-ca/	Electrician in San Fernando, CA | 911 Electric	Electrician in San Fernando, CA for Repairs, Panel Upgrades & EV Chargers	BreadcrumbList,Electrician,FAQPage
/electrician-san-fernando-valley-ca/	200				https://911electrics.com/electrician-san-fernando-valley-ca/	Electrician in San Fernando Valley, CA | 911 Electric	Electrician in San Fernando Valley, CA for Repairs, Panel Upgrades & EV Chargers	BreadcrumbList,Electrician,FAQPage
/electrician-san-gabriel-ca-ev-chargers/	200				https://911electrics.com/electrician-san-gabriel-ca-ev-chargers/	EV Charger Installation Electrician in San Gabriel, CA	EV Charger Installation Electrician in San Gabriel, CA	BlogPosting,BreadcrumbList,Electrician
/electrician-san-gabriel-ca/	200				https://911electrics.com/electrician-san-gabriel-ca/	Electrician in San Gabriel, CA | 911 Electric	Electrician in San Gabriel, CA for Repairs, Panel Upgrades & EV Chargers	BreadcrumbList,Electrician,FAQPage
/electrician-san-marino-ca-panel-upgrades/	200				https://911electrics.com/electrician-san-marino-ca-panel-upgrades/	Electrician in San Marino, CA: Panel Upgrades	Electrician in San Marino, CA: Panel Upgrades	BlogPosting,BreadcrumbList,Electrician
/electrician-san-marino-ca/	200				https://911electrics.com/electrician-san-marino-ca/	Electrician in San Marino, CA | 911 Electric	Electrician in San Marino, CA for Repairs, Panel Upgrades & EV Chargers	BreadcrumbList,Electrician,FAQPage
/electrician-santa-monica-ca/	200				https://911electrics.com/electrician-santa-monica-ca/	Electrician in Santa Monica, CA | 911 Electric	Electrician in Santa Monica, CA for Repairs, Panel Upgrades & EV Chargers	BreadcrumbList,Electrician,FAQPage
/electrician-sherman-oaks-ca/	200				https://911electrics.com/electrician-sherman-oaks-ca/	Electrician in Sherman Oaks, CA | 911 Electric	Electrician in Sherman Oaks, CA for Repairs, Panel Upgrades & EV Chargers	BreadcrumbList,Electrician,FAQPage
/electrician-sierra-madre-ca-rewiring/	200				https://911electrics.com/electrician-sierra-madre-ca-rewiring/	Electrician in Sierra Madre, CA: Whole-Home Rewiring	Electrician in Sierra Madre, CA: Whole-Home Rewiring	BlogPosting,BreadcrumbList,Electrician
/electrician-sierra-madre-ca/	200				https://911electrics.com/electrician-sierra-madre-ca/	Electrician in Sierra Madre, CA | 911 Electric	Electrician in Sierra Madre, CA for Repairs, Panel Upgrades & EV Chargers	BreadcrumbList,Electrician,FAQPage
/electrician-south-pasadena-ca-rewiring/	200				https://911electrics.com/electrician-south-pasadena-ca-rewiring/	Rewiring Older Homes: Electrician in South Pasadena, CA	Rewiring Older Homes: Electrician in South Pasadena, CA	BlogPosting,BreadcrumbList,Electrician
/electrician-south-pasadena-ca/	200				https://911electrics.com/electrician-south-pasadena-ca/	Electrician in South Pasadena, CA | 911 Electric	Electrician in South Pasadena, CA for Repairs, Panel Upgrades & EV Chargers	BreadcrumbList,Electrician,FAQPage
/electrician-studio-city-ca/	200				https://911electrics.com/electrician-studio-city-ca/	Electrician in Studio City, CA | 911 Electric	Electrician in Studio City, CA for Repairs, Panel Upgrades & EV Chargers	BreadcrumbList,Electrician,FAQPage
/electrician-sun-valley-ca/	200				https://911electrics.com/electrician-sun-valley-ca/	Electrician in Sun Valley, CA | 911 Electric	Electrician in Sun Valley, CA for Repairs, Panel Upgrades & EV Chargers	BreadcrumbList,Electrician,FAQPage
/electrician-sunland-ca/	200				https://911electrics.com/electrician-sunland-ca/	Electrician in Sunland, CA | 911 Electric	Electrician in Sunland, CA for Repairs, Panel Upgrades & EV Chargers	BreadcrumbList,Electrician,FAQPage
/electrician-sylmar-ca/	200				https://911electrics.com/electrician-sylmar-ca/	Electrician in Sylmar, CA | 911 Electric	Electrician in Sylmar, CA for Repairs, Panel Upgrades & EV Chargers	BreadcrumbList,Electrician,FAQPage
/electrician-tarzana-ca/	200				https://911electrics.com/electrician-tarzana-ca/	Electrician in Tarzana, CA | 911 Electric	Electrician in Tarzana, CA for Repairs, Panel Upgrades & EV Chargers	BreadcrumbList,Electrician,FAQPage
/electrician-temple-city-ca-panel-upgrades/	200				https://911electrics.com/electrician-temple-city-ca-panel-upgrades/	Electrical Panel Upgrades in Temple City, CA: A Guide	Electrical Panel Upgrades in Temple City, CA: A Guide	BlogPosting,BreadcrumbList,Electrician
/electrician-temple-city-ca/	200				https://911electrics.com/electrician-temple-city-ca/	Electrician in Temple City, CA | 911 Electric	Electrician in Temple City, CA for Repairs, Panel Upgrades & EV Chargers	BreadcrumbList,Electrician,FAQPage
/electrician-thousand-oaks-ca/	200				https://911electrics.com/electrician-thousand-oaks-ca/	Electrician in Thousand Oaks, CA | 911 Electric	Electrician in Thousand Oaks, CA for Repairs, Panel Upgrades & EV Chargers	BreadcrumbList,Electrician,FAQPage
/electrician-toluca-lake-ca/	200				https://911electrics.com/electrician-toluca-lake-ca/	Electrician in Toluca Lake, CA | 911 Electric	Electrician in Toluca Lake, CA for Repairs, Panel Upgrades & EV Chargers	BreadcrumbList,Electrician,FAQPage
/electrician-tujunga-ca/	200				https://911electrics.com/electrician-tujunga-ca/	Electrician in Tujunga, CA | 911 Electric	Electrician in Tujunga, CA for Repairs, Panel Upgrades & EV Chargers	BreadcrumbList,Electrician,FAQPage
/electrician-van-nuys-ca/	200				https://911electrics.com/electrician-van-nuys-ca/	Electrician in Van Nuys, CA | 911 Electric	Electrician in Van Nuys, CA for Repairs, Panel Upgrades & EV Chargers	BreadcrumbList,Electrician,FAQPage
/electrician-west-hills-ca/	200				https://911electrics.com/electrician-west-hills-ca/	Electrician in West Hills, CA | 911 Electric	Electrician in West Hills, CA for Repairs, Panel Upgrades & EV Chargers	BreadcrumbList,Electrician,FAQPage
/electrician-woodland-hills-ca/	200				https://911electrics.com/electrician-woodland-hills-ca/	Electrician in Woodland Hills, CA | 911 Electric	Electrician in Woodland Hills, CA for Repairs, Panel Upgrades & EV Chargers	BreadcrumbList,Electrician,FAQPage
/emergency-electrician-alhambra-ca/	200				https://911electrics.com/emergency-electrician-alhambra-ca/	Emergency Electrical Services (24/7) in Alhambra, CA	Emergency Electrical Services (24/7) in Alhambra, CA	BreadcrumbList,Electrician,FAQPage,Service
/emergency-electrician-altadena-ca/	200				https://911electrics.com/emergency-electrician-altadena-ca/	Emergency Electrical Services (24/7) in Altadena, CA	Emergency Electrical Services (24/7) in Altadena, CA	BreadcrumbList,Electrician,FAQPage,Service
/emergency-electrician-arcadia-ca/	200				https://911electrics.com/emergency-electrician-arcadia-ca/	Emergency Electrical Services (24/7) in Arcadia, CA	Emergency Electrical Services (24/7) in Arcadia, CA	BreadcrumbList,Electrician,FAQPage,Service
/emergency-electrician-arleta-ca/	200				https://911electrics.com/emergency-electrician-arleta-ca/	Emergency Electrical Services (24/7) in Arleta, CA	Emergency Electrical Services (24/7) in Arleta, CA	BreadcrumbList,Electrician,FAQPage,Service
/emergency-electrician-baldwin-park-ca/	200				https://911electrics.com/emergency-electrician-baldwin-park-ca/	Emergency Electrical Services (24/7) in Baldwin Park, CA	Emergency Electrical Services (24/7) in Baldwin Park, CA	BreadcrumbList,Electrician,FAQPage,Service
/emergency-electrician-beverly-hills-ca/	200				https://911electrics.com/emergency-electrician-beverly-hills-ca/	Emergency Electrical Services (24/7) in Beverly Hills, CA	Emergency Electrical Services (24/7) in Beverly Hills, CA	BreadcrumbList,Electrician,FAQPage,Service
/emergency-electrician-burbank-ca/	200				https://911electrics.com/emergency-electrician-burbank-ca/	Emergency Electrical Services (24/7) in Burbank, CA	Emergency Electrical Services (24/7) in Burbank, CA	BreadcrumbList,Electrician,FAQPage,Service
/emergency-electrician-calabasas-ca/	200				https://911electrics.com/emergency-electrician-calabasas-ca/	Emergency Electrical Services (24/7) in Calabasas, CA	Emergency Electrical Services (24/7) in Calabasas, CA	BreadcrumbList,Electrician,FAQPage,Service
/emergency-electrician-canoga-park-ca/	200				https://911electrics.com/emergency-electrician-canoga-park-ca/	Emergency Electrical Services (24/7) in Canoga Park, CA	Emergency Electrical Services (24/7) in Canoga Park, CA	BreadcrumbList,Electrician,FAQPage,Service
/emergency-electrician-chatsworth-ca/	200				https://911electrics.com/emergency-electrician-chatsworth-ca/	Emergency Electrical Services (24/7) in Chatsworth, CA	Emergency Electrical Services (24/7) in Chatsworth, CA	BreadcrumbList,Electrician,FAQPage,Service
/emergency-electrician-duarte-ca/	200				https://911electrics.com/emergency-electrician-duarte-ca/	Emergency Electrical Services (24/7) in Duarte, CA	Emergency Electrical Services (24/7) in Duarte, CA	BreadcrumbList,Electrician,FAQPage,Service
/emergency-electrician-eagle-rock-ca/	200				https://911electrics.com/emergency-electrician-eagle-rock-ca/	Emergency Electrical Services (24/7) in Eagle Rock, CA	Emergency Electrical Services (24/7) in Eagle Rock, CA	BreadcrumbList,Electrician,FAQPage,Service
/emergency-electrician-el-monte-ca/	200				https://911electrics.com/emergency-electrician-el-monte-ca/	Emergency Electrical Services (24/7) in El Monte, CA	Emergency Electrical Services (24/7) in El Monte, CA	BreadcrumbList,Electrician,FAQPage,Service
/emergency-electrician-encino-ca/	200				https://911electrics.com/emergency-electrician-encino-ca/	Emergency Electrical Services (24/7) in Encino, CA	Emergency Electrical Services (24/7) in Encino, CA	BreadcrumbList,Electrician,FAQPage,Service
/emergency-electrician-glendale-ca/	200				https://911electrics.com/emergency-electrician-glendale-ca/	Emergency Electrical Services (24/7) in Glendale, CA	Emergency Electrical Services (24/7) in Glendale, CA	BreadcrumbList,Electrician,FAQPage,Service
/emergency-electrician-granada-hills-ca/	200				https://911electrics.com/emergency-electrician-granada-hills-ca/	Emergency Electrical Services (24/7) in Granada Hills, CA	Emergency Electrical Services (24/7) in Granada Hills, CA	BreadcrumbList,Electrician,FAQPage,Service
/emergency-electrician-hancock-park-ca/	200				https://911electrics.com/emergency-electrician-hancock-park-ca/	Emergency Electrical Services (24/7) in Hancock Park, CA	Emergency Electrical Services (24/7) in Hancock Park, CA	BreadcrumbList,Electrician,FAQPage,Service
/emergency-electrician-highland-park-ca/	200				https://911electrics.com/emergency-electrician-highland-park-ca/	Emergency Electrical Services (24/7) in Highland Park, CA	Emergency Electrical Services (24/7) in Highland Park, CA	BreadcrumbList,Electrician,FAQPage,Service
/emergency-electrician-hollywood-ca/	200				https://911electrics.com/emergency-electrician-hollywood-ca/	Emergency Electrical Services (24/7) in Hollywood, CA	Emergency Electrical Services (24/7) in Hollywood, CA	BreadcrumbList,Electrician,FAQPage,Service
/emergency-electrician-la-canada-ca/	200				https://911electrics.com/emergency-electrician-la-canada-ca/	Emergency Electrical Services (24/7) in La Canada, CA	Emergency Electrical Services (24/7) in La Canada, CA	BreadcrumbList,Electrician,FAQPage,Service
/emergency-electrician-la-crescenta-ca/	200				https://911electrics.com/emergency-electrician-la-crescenta-ca/	Emergency Electrical Services (24/7) in La Crescenta, CA	Emergency Electrical Services (24/7) in La Crescenta, CA	BreadcrumbList,Electrician,FAQPage,Service
/emergency-electrician-long-beach-ca/	200				https://911electrics.com/emergency-electrician-long-beach-ca/	Emergency Electrical Services (24/7) in Long Beach, CA	Emergency Electrical Services (24/7) in Long Beach, CA	BreadcrumbList,Electrician,FAQPage,Service
/emergency-electrician-los-angeles-ca/	200				https://911electrics.com/emergency-electrician-los-angeles-ca/	Emergency Electrician in Los Angeles, CA | 911 Electric	Professional Emergency Electrical Services (24/7) in Los Angeles, CA	BreadcrumbList,Electrician,FAQPage,Service
/emergency-electrician-los-feliz-ca/	200				https://911electrics.com/emergency-electrician-los-feliz-ca/	Emergency Electrical Services (24/7) in Los Feliz, CA	Emergency Electrical Services (24/7) in Los Feliz, CA	BreadcrumbList,Electrician,FAQPage,Service
/emergency-electrician-melrose-ca/	200				https://911electrics.com/emergency-electrician-melrose-ca/	Emergency Electrical Services (24/7) in Melrose, CA	Emergency Electrical Services (24/7) in Melrose, CA	BreadcrumbList,Electrician,FAQPage,Service
/emergency-electrician-mission-hills-ca/	200				https://911electrics.com/emergency-electrician-mission-hills-ca/	Emergency Electrical Services (24/7) in Mission Hills, CA	Emergency Electrical Services (24/7) in Mission Hills, CA	BreadcrumbList,Electrician,FAQPage,Service
/emergency-electrician-monrovia-ca/	200				https://911electrics.com/emergency-electrician-monrovia-ca/	Emergency Electrical Services (24/7) in Monrovia, CA	Emergency Electrical Services (24/7) in Monrovia, CA	BreadcrumbList,Electrician,FAQPage,Service
/emergency-electrician-montebello-ca/	200				https://911electrics.com/emergency-electrician-montebello-ca/	Emergency Electrical Services (24/7) in Montebello, CA	Emergency Electrical Services (24/7) in Montebello, CA	BreadcrumbList,Electrician,FAQPage,Service
/emergency-electrician-monterey-park-ca/	200				https://911electrics.com/emergency-electrician-monterey-park-ca/	Emergency Electrical Services (24/7) in Monterey Park, CA	Emergency Electrical Services (24/7) in Monterey Park, CA	BreadcrumbList,Electrician,FAQPage,Service
/emergency-electrician-montrose-ca/	200				https://911electrics.com/emergency-electrician-montrose-ca/	Emergency Electrical Services (24/7) in Montrose, CA	Emergency Electrical Services (24/7) in Montrose, CA	BreadcrumbList,Electrician,FAQPage,Service
/emergency-electrician-north-hills-ca/	200				https://911electrics.com/emergency-electrician-north-hills-ca/	Emergency Electrical Services (24/7) in North Hills, CA	Emergency Electrical Services (24/7) in North Hills, CA	BreadcrumbList,Electrician,FAQPage,Service
/emergency-electrician-north-hollywood-ca/	200				https://911electrics.com/emergency-electrician-north-hollywood-ca/	Emergency Electrical Services (24/7) in North Hollywood, CA	Emergency Electrical Services (24/7) in North Hollywood, CA	BreadcrumbList,Electrician,FAQPage,Service
/emergency-electrician-northridge-ca/	200				https://911electrics.com/emergency-electrician-northridge-ca/	Emergency Electrical Services (24/7) in Northridge, CA	Emergency Electrical Services (24/7) in Northridge, CA	BreadcrumbList,Electrician,FAQPage,Service
/emergency-electrician-oxnard-ca/	200				https://911electrics.com/emergency-electrician-oxnard-ca/	Emergency Electrical Services (24/7) in Oxnard, CA	Emergency Electrical Services (24/7) in Oxnard, CA	BreadcrumbList,Electrician,FAQPage,Service
/emergency-electrician-pasadena-ca/	200				https://911electrics.com/emergency-electrician-pasadena-ca/	Emergency Electrical Services (24/7) in Pasadena, CA	Emergency Electrical Services (24/7) in Pasadena, CA	BreadcrumbList,Electrician,FAQPage,Service
/emergency-electrician-porter-ranch-ca/	200				https://911electrics.com/emergency-electrician-porter-ranch-ca/	Emergency Electrical Services (24/7) in Porter Ranch, CA	Emergency Electrical Services (24/7) in Porter Ranch, CA	BreadcrumbList,Electrician,FAQPage,Service
/emergency-electrician-reseda-ca/	200				https://911electrics.com/emergency-electrician-reseda-ca/	Emergency Electrical Services (24/7) in Reseda, CA	Emergency Electrical Services (24/7) in Reseda, CA	BreadcrumbList,Electrician,FAQPage,Service
/emergency-electrician-rosemead-ca/	200				https://911electrics.com/emergency-electrician-rosemead-ca/	Emergency Electrical Services (24/7) in Rosemead, CA	Emergency Electrical Services (24/7) in Rosemead, CA	BreadcrumbList,Electrician,FAQPage,Service
/emergency-electrician-san-fernando-ca/	200				https://911electrics.com/emergency-electrician-san-fernando-ca/	Emergency Electrical Services (24/7) in San Fernando, CA	Emergency Electrical Services (24/7) in San Fernando, CA	BreadcrumbList,Electrician,FAQPage,Service
/emergency-electrician-san-fernando-valley-ca/	200				https://911electrics.com/emergency-electrician-san-fernando-valley-ca/	Emergency Electrical Services (24/7) in San Fernando Valley, CA	Emergency Electrical Services (24/7) in San Fernando Valley, CA	BreadcrumbList,Electrician,FAQPage,Service
/emergency-electrician-san-gabriel-ca/	200				https://911electrics.com/emergency-electrician-san-gabriel-ca/	Emergency Electrical Services (24/7) in San Gabriel, CA	Emergency Electrical Services (24/7) in San Gabriel, CA	BreadcrumbList,Electrician,FAQPage,Service
/emergency-electrician-san-marino-ca/	200				https://911electrics.com/emergency-electrician-san-marino-ca/	Emergency Electrical Services (24/7) in San Marino, CA	Emergency Electrical Services (24/7) in San Marino, CA	BreadcrumbList,Electrician,FAQPage,Service
/emergency-electrician-santa-monica-ca/	200				https://911electrics.com/emergency-electrician-santa-monica-ca/	Emergency Electrical Services (24/7) in Santa Monica, CA	Emergency Electrical Services (24/7) in Santa Monica, CA	BreadcrumbList,Electrician,FAQPage,Service
/emergency-electrician-sherman-oaks-ca/	200				https://911electrics.com/emergency-electrician-sherman-oaks-ca/	Emergency Electrical Services (24/7) in Sherman Oaks, CA	Emergency Electrical Services (24/7) in Sherman Oaks, CA	BreadcrumbList,Electrician,FAQPage,Service
/emergency-electrician-sierra-madre-ca/	200				https://911electrics.com/emergency-electrician-sierra-madre-ca/	Emergency Electrical Services (24/7) in Sierra Madre, CA	Emergency Electrical Services (24/7) in Sierra Madre, CA	BreadcrumbList,Electrician,FAQPage,Service
/emergency-electrician-south-pasadena-ca/	200				https://911electrics.com/emergency-electrician-south-pasadena-ca/	Emergency Electrical Services (24/7) in South Pasadena, CA	Emergency Electrical Services (24/7) in South Pasadena, CA	BreadcrumbList,Electrician,FAQPage,Service
/emergency-electrician-studio-city-ca/	200				https://911electrics.com/emergency-electrician-studio-city-ca/	Emergency Electrical Services (24/7) in Studio City, CA	Emergency Electrical Services (24/7) in Studio City, CA	BreadcrumbList,Electrician,FAQPage,Service
/emergency-electrician-sun-valley-ca/	200				https://911electrics.com/emergency-electrician-sun-valley-ca/	Emergency Electrical Services (24/7) in Sun Valley, CA	Emergency Electrical Services (24/7) in Sun Valley, CA	BreadcrumbList,Electrician,FAQPage,Service
/emergency-electrician-sunland-ca/	200				https://911electrics.com/emergency-electrician-sunland-ca/	Emergency Electrical Services (24/7) in Sunland, CA	Emergency Electrical Services (24/7) in Sunland, CA	BreadcrumbList,Electrician,FAQPage,Service
/emergency-electrician-sylmar-ca/	200				https://911electrics.com/emergency-electrician-sylmar-ca/	Emergency Electrical Services (24/7) in Sylmar, CA	Emergency Electrical Services (24/7) in Sylmar, CA	BreadcrumbList,Electrician,FAQPage,Service
/emergency-electrician-tarzana-ca/	200				https://911electrics.com/emergency-electrician-tarzana-ca/	Emergency Electrical Services (24/7) in Tarzana, CA	Emergency Electrical Services (24/7) in Tarzana, CA	BreadcrumbList,Electrician,FAQPage,Service
/emergency-electrician-temple-city-ca/	200				https://911electrics.com/emergency-electrician-temple-city-ca/	Emergency Electrical Services (24/7) in Temple City, CA	Emergency Electrical Services (24/7) in Temple City, CA	BreadcrumbList,Electrician,FAQPage,Service
/emergency-electrician-thousand-oaks-ca/	200				https://911electrics.com/emergency-electrician-thousand-oaks-ca/	Emergency Electrical Services (24/7) in Thousand Oaks, CA	Emergency Electrical Services (24/7) in Thousand Oaks, CA	BreadcrumbList,Electrician,FAQPage,Service
/emergency-electrician-toluca-lake-ca/	200				https://911electrics.com/emergency-electrician-toluca-lake-ca/	Emergency Electrical Services (24/7) in Toluca Lake, CA	Emergency Electrical Services (24/7) in Toluca Lake, CA	BreadcrumbList,Electrician,FAQPage,Service
/emergency-electrician-tujunga-ca/	200				https://911electrics.com/emergency-electrician-tujunga-ca/	Emergency Electrical Services (24/7) in Tujunga, CA	Emergency Electrical Services (24/7) in Tujunga, CA	BreadcrumbList,Electrician,FAQPage,Service
/emergency-electrician-van-nuys-ca/	200				https://911electrics.com/emergency-electrician-van-nuys-ca/	Emergency Electrical Services (24/7) in Van Nuys, CA	Emergency Electrical Services (24/7) in Van Nuys, CA	BreadcrumbList,Electrician,FAQPage,Service
/emergency-electrician-west-hills-ca/	200				https://911electrics.com/emergency-electrician-west-hills-ca/	Emergency Electrical Services (24/7) in West Hills, CA	Emergency Electrical Services (24/7) in West Hills, CA	BreadcrumbList,Electrician,FAQPage,Service
/emergency-electrician-woodland-hills-ca/	200				https://911electrics.com/emergency-electrician-woodland-hills-ca/	Emergency Electrical Services (24/7) in Woodland Hills, CA	Emergency Electrical Services (24/7) in Woodland Hills, CA	BreadcrumbList,Electrician,FAQPage,Service
/emergency-lighting-exit-sign-installation-los-angeles/	200				https://911electrics.com/emergency-lighting-exit-sign-installation-los-angeles/	Emergency Lighting & Exit Sign Installation Los Angeles	Emergency Lighting & Exit Sign Installation Los Angeles	BlogPosting,BreadcrumbList,Electrician
/ev-charger-installation-alhambra-ca/	200				https://911electrics.com/ev-charger-installation-alhambra-ca/	EV Charger Installation in Alhambra, CA	EV Charger Installation in Alhambra, CA	BreadcrumbList,Electrician,FAQPage,Service
/ev-charger-installation-altadena-ca/	200				https://911electrics.com/ev-charger-installation-altadena-ca/	EV Charger Installation in Altadena, CA	EV Charger Installation in Altadena, CA	BreadcrumbList,Electrician,FAQPage,Service
/ev-charger-installation-arcadia-ca/	200				https://911electrics.com/ev-charger-installation-arcadia-ca/	EV Charger Installation in Arcadia, CA	EV Charger Installation in Arcadia, CA	BreadcrumbList,Electrician,FAQPage,Service
/ev-charger-installation-arleta-ca/	200				https://911electrics.com/ev-charger-installation-arleta-ca/	EV Charger Installation in Arleta, CA	EV Charger Installation in Arleta, CA	BreadcrumbList,Electrician,FAQPage,Service
/ev-charger-installation-baldwin-park-ca/	200				https://911electrics.com/ev-charger-installation-baldwin-park-ca/	EV Charger Installation in Baldwin Park, CA	EV Charger Installation in Baldwin Park, CA	BreadcrumbList,Electrician,FAQPage,Service
/ev-charger-installation-beverly-hills-ca/	200				https://911electrics.com/ev-charger-installation-beverly-hills-ca/	EV Charger Installation in Beverly Hills, CA	EV Charger Installation in Beverly Hills, CA	BreadcrumbList,Electrician,FAQPage,Service
/ev-charger-installation-burbank-ca/	200				https://911electrics.com/ev-charger-installation-burbank-ca/	EV Charger Installation in Burbank, CA	EV Charger Installation in Burbank, CA	BreadcrumbList,Electrician,FAQPage,Service
/ev-charger-installation-calabasas-ca/	200				https://911electrics.com/ev-charger-installation-calabasas-ca/	EV Charger Installation in Calabasas, CA	EV Charger Installation in Calabasas, CA	BreadcrumbList,Electrician,FAQPage,Service
/ev-charger-installation-canoga-park-ca/	200				https://911electrics.com/ev-charger-installation-canoga-park-ca/	EV Charger Installation in Canoga Park, CA	EV Charger Installation in Canoga Park, CA	BreadcrumbList,Electrician,FAQPage,Service
/ev-charger-installation-chatsworth-ca/	200				https://911electrics.com/ev-charger-installation-chatsworth-ca/	EV Charger Installation in Chatsworth, CA	EV Charger Installation in Chatsworth, CA	BreadcrumbList,Electrician,FAQPage,Service
/ev-charger-installation-cost-los-angeles/	200				https://911electrics.com/ev-charger-installation-cost-los-angeles/	EV Charger Installation Cost in LA | 911 Electric	EV Charger Installation Cost in Los Angeles (2026 Guide)	BlogPosting,BreadcrumbList,Electrician
/ev-charger-installation-duarte-ca/	200				https://911electrics.com/ev-charger-installation-duarte-ca/	EV Charger Installation in Duarte, CA	EV Charger Installation in Duarte, CA	BreadcrumbList,Electrician,FAQPage,Service
/ev-charger-installation-eagle-rock-ca/	200				https://911electrics.com/ev-charger-installation-eagle-rock-ca/	EV Charger Installation in Eagle Rock, CA	EV Charger Installation in Eagle Rock, CA	BreadcrumbList,Electrician,FAQPage,Service
/ev-charger-installation-el-monte-ca/	200				https://911electrics.com/ev-charger-installation-el-monte-ca/	EV Charger Installation in El Monte, CA	EV Charger Installation in El Monte, CA	BreadcrumbList,Electrician,FAQPage,Service
/ev-charger-installation-encino-ca/	200				https://911electrics.com/ev-charger-installation-encino-ca/	EV Charger Installation in Encino, CA	EV Charger Installation in Encino, CA	BreadcrumbList,Electrician,FAQPage,Service
/ev-charger-installation-glendale-ca/	200				https://911electrics.com/ev-charger-installation-glendale-ca/	EV Charger Installation in Glendale, CA	EV Charger Installation in Glendale, CA	BreadcrumbList,Electrician,FAQPage,Service
/ev-charger-installation-granada-hills-ca/	200				https://911electrics.com/ev-charger-installation-granada-hills-ca/	EV Charger Installation in Granada Hills, CA	EV Charger Installation in Granada Hills, CA	BreadcrumbList,Electrician,FAQPage,Service
/ev-charger-installation-hancock-park-ca/	200				https://911electrics.com/ev-charger-installation-hancock-park-ca/	EV Charger Installation in Hancock Park, CA	EV Charger Installation in Hancock Park, CA	BreadcrumbList,Electrician,FAQPage,Service
/ev-charger-installation-highland-park-ca/	200				https://911electrics.com/ev-charger-installation-highland-park-ca/	EV Charger Installation in Highland Park, CA	EV Charger Installation in Highland Park, CA	BreadcrumbList,Electrician,FAQPage,Service
/ev-charger-installation-hollywood-ca/	200				https://911electrics.com/ev-charger-installation-hollywood-ca/	EV Charger Installation in Hollywood, CA	EV Charger Installation in Hollywood, CA	BreadcrumbList,Electrician,FAQPage,Service
/ev-charger-installation-la-canada-ca/	200				https://911electrics.com/ev-charger-installation-la-canada-ca/	EV Charger Installation in La Canada, CA	EV Charger Installation in La Canada, CA	BreadcrumbList,Electrician,FAQPage,Service
/ev-charger-installation-la-crescenta-ca/	200				https://911electrics.com/ev-charger-installation-la-crescenta-ca/	EV Charger Installation in La Crescenta, CA	EV Charger Installation in La Crescenta, CA	BreadcrumbList,Electrician,FAQPage,Service
/ev-charger-installation-long-beach-ca/	200				https://911electrics.com/ev-charger-installation-long-beach-ca/	EV Charger Installation in Long Beach, CA	EV Charger Installation in Long Beach, CA	BreadcrumbList,Electrician,FAQPage,Service
/ev-charger-installation-los-angeles-ca/	200				https://911electrics.com/ev-charger-installation-los-angeles-ca/	EV Charger Installation in Los Angeles, CA | 911 Electric	Professional EV Charger Installation in Los Angeles, CA	BreadcrumbList,Electrician,FAQPage,Service
/ev-charger-installation-los-feliz-ca/	200				https://911electrics.com/ev-charger-installation-los-feliz-ca/	EV Charger Installation in Los Feliz, CA	EV Charger Installation in Los Feliz, CA	BreadcrumbList,Electrician,FAQPage,Service
/ev-charger-installation-melrose-ca/	200				https://911electrics.com/ev-charger-installation-melrose-ca/	EV Charger Installation in Melrose, CA	EV Charger Installation in Melrose, CA	BreadcrumbList,Electrician,FAQPage,Service
/ev-charger-installation-mission-hills-ca/	200				https://911electrics.com/ev-charger-installation-mission-hills-ca/	EV Charger Installation in Mission Hills, CA	EV Charger Installation in Mission Hills, CA	BreadcrumbList,Electrician,FAQPage,Service
/ev-charger-installation-monrovia-ca/	200				https://911electrics.com/ev-charger-installation-monrovia-ca/	EV Charger Installation in Monrovia, CA	EV Charger Installation in Monrovia, CA	BreadcrumbList,Electrician,FAQPage,Service
/ev-charger-installation-montebello-ca/	200				https://911electrics.com/ev-charger-installation-montebello-ca/	EV Charger Installation in Montebello, CA	EV Charger Installation in Montebello, CA	BreadcrumbList,Electrician,FAQPage,Service
/ev-charger-installation-monterey-park-ca/	200				https://911electrics.com/ev-charger-installation-monterey-park-ca/	EV Charger Installation in Monterey Park, CA	EV Charger Installation in Monterey Park, CA	BreadcrumbList,Electrician,FAQPage,Service
/ev-charger-installation-montrose-ca/	200				https://911electrics.com/ev-charger-installation-montrose-ca/	EV Charger Installation in Montrose, CA	EV Charger Installation in Montrose, CA	BreadcrumbList,Electrician,FAQPage,Service
/ev-charger-installation-north-hills-ca/	200				https://911electrics.com/ev-charger-installation-north-hills-ca/	EV Charger Installation in North Hills, CA	EV Charger Installation in North Hills, CA	BreadcrumbList,Electrician,FAQPage,Service
/ev-charger-installation-north-hollywood-ca/	200				https://911electrics.com/ev-charger-installation-north-hollywood-ca/	EV Charger Installation in North Hollywood, CA	EV Charger Installation in North Hollywood, CA	BreadcrumbList,Electrician,FAQPage,Service
/ev-charger-installation-northridge-ca/	200				https://911electrics.com/ev-charger-installation-northridge-ca/	EV Charger Installation in Northridge, CA	EV Charger Installation in Northridge, CA	BreadcrumbList,Electrician,FAQPage,Service
/ev-charger-installation-oxnard-ca/	200				https://911electrics.com/ev-charger-installation-oxnard-ca/	EV Charger Installation in Oxnard, CA	EV Charger Installation in Oxnard, CA	BreadcrumbList,Electrician,FAQPage,Service
/ev-charger-installation-pasadena-ca/	200				https://911electrics.com/ev-charger-installation-pasadena-ca/	EV Charger Installation in Pasadena, CA	EV Charger Installation in Pasadena, CA	BreadcrumbList,Electrician,FAQPage,Service
/ev-charger-installation-permit-los-angeles/	200				https://911electrics.com/ev-charger-installation-permit-los-angeles/	Do You Need a Permit for EV Charger Installation in Los Angeles? - 911 Construction & Electric Inc.	Do You Need a Permit for EV Charger Installation in Los Angeles?	BlogPosting,BreadcrumbList,Electrician
/ev-charger-installation-porter-ranch-ca/	200				https://911electrics.com/ev-charger-installation-porter-ranch-ca/	EV Charger Installation in Porter Ranch, CA	EV Charger Installation in Porter Ranch, CA	BreadcrumbList,Electrician,FAQPage,Service
/ev-charger-installation-reseda-ca/	200				https://911electrics.com/ev-charger-installation-reseda-ca/	EV Charger Installation in Reseda, CA	EV Charger Installation in Reseda, CA	BreadcrumbList,Electrician,FAQPage,Service
/ev-charger-installation-rosemead-ca/	200				https://911electrics.com/ev-charger-installation-rosemead-ca/	EV Charger Installation in Rosemead, CA	EV Charger Installation in Rosemead, CA	BreadcrumbList,Electrician,FAQPage,Service
/ev-charger-installation-san-fernando-ca/	200				https://911electrics.com/ev-charger-installation-san-fernando-ca/	EV Charger Installation in San Fernando, CA	EV Charger Installation in San Fernando, CA	BreadcrumbList,Electrician,FAQPage,Service
/ev-charger-installation-san-fernando-valley-ca/	200				https://911electrics.com/ev-charger-installation-san-fernando-valley-ca/	EV Charger Installation in San Fernando Valley, CA	EV Charger Installation in San Fernando Valley, CA	BreadcrumbList,Electrician,FAQPage,Service
/ev-charger-installation-san-gabriel-ca/	200				https://911electrics.com/ev-charger-installation-san-gabriel-ca/	EV Charger Installation in San Gabriel, CA	EV Charger Installation in San Gabriel, CA	BreadcrumbList,Electrician,FAQPage,Service
/ev-charger-installation-san-marino-ca/	200				https://911electrics.com/ev-charger-installation-san-marino-ca/	EV Charger Installation in San Marino, CA	EV Charger Installation in San Marino, CA	BreadcrumbList,Electrician,FAQPage,Service
/ev-charger-installation-santa-monica-ca/	200				https://911electrics.com/ev-charger-installation-santa-monica-ca/	EV Charger Installation in Santa Monica, CA	EV Charger Installation in Santa Monica, CA	BreadcrumbList,Electrician,FAQPage,Service
/ev-charger-installation-sherman-oaks-ca/	200				https://911electrics.com/ev-charger-installation-sherman-oaks-ca/	EV Charger Installation in Sherman Oaks, CA	EV Charger Installation in Sherman Oaks, CA	BreadcrumbList,Electrician,FAQPage,Service
/ev-charger-installation-sierra-madre-ca/	200				https://911electrics.com/ev-charger-installation-sierra-madre-ca/	EV Charger Installation in Sierra Madre, CA	EV Charger Installation in Sierra Madre, CA	BreadcrumbList,Electrician,FAQPage,Service
/ev-charger-installation-south-pasadena-ca/	200				https://911electrics.com/ev-charger-installation-south-pasadena-ca/	EV Charger Installation in South Pasadena, CA	EV Charger Installation in South Pasadena, CA	BreadcrumbList,Electrician,FAQPage,Service
/ev-charger-installation-studio-city-ca/	200				https://911electrics.com/ev-charger-installation-studio-city-ca/	EV Charger Installation in Studio City, CA	EV Charger Installation in Studio City, CA	BreadcrumbList,Electrician,FAQPage,Service
/ev-charger-installation-sun-valley-ca/	200				https://911electrics.com/ev-charger-installation-sun-valley-ca/	EV Charger Installation in Sun Valley, CA	EV Charger Installation in Sun Valley, CA	BreadcrumbList,Electrician,FAQPage,Service
/ev-charger-installation-sunland-ca/	200				https://911electrics.com/ev-charger-installation-sunland-ca/	EV Charger Installation in Sunland, CA	EV Charger Installation in Sunland, CA	BreadcrumbList,Electrician,FAQPage,Service
/ev-charger-installation-sylmar-ca/	200				https://911electrics.com/ev-charger-installation-sylmar-ca/	EV Charger Installation in Sylmar, CA	EV Charger Installation in Sylmar, CA	BreadcrumbList,Electrician,FAQPage,Service
/ev-charger-installation-tarzana-ca/	200				https://911electrics.com/ev-charger-installation-tarzana-ca/	EV Charger Installation in Tarzana, CA	EV Charger Installation in Tarzana, CA	BreadcrumbList,Electrician,FAQPage,Service
/ev-charger-installation-temple-city-ca/	200				https://911electrics.com/ev-charger-installation-temple-city-ca/	EV Charger Installation in Temple City, CA	EV Charger Installation in Temple City, CA	BreadcrumbList,Electrician,FAQPage,Service
/ev-charger-installation-thousand-oaks-ca/	200				https://911electrics.com/ev-charger-installation-thousand-oaks-ca/	EV Charger Installation in Thousand Oaks, CA	EV Charger Installation in Thousand Oaks, CA	BreadcrumbList,Electrician,FAQPage,Service
/ev-charger-installation-toluca-lake-ca/	200				https://911electrics.com/ev-charger-installation-toluca-lake-ca/	EV Charger Installation in Toluca Lake, CA	EV Charger Installation in Toluca Lake, CA	BreadcrumbList,Electrician,FAQPage,Service
/ev-charger-installation-tujunga-ca/	200				https://911electrics.com/ev-charger-installation-tujunga-ca/	EV Charger Installation in Tujunga, CA	EV Charger Installation in Tujunga, CA	BreadcrumbList,Electrician,FAQPage,Service
/ev-charger-installation-van-nuys-ca/	200				https://911electrics.com/ev-charger-installation-van-nuys-ca/	EV Charger Installation in Van Nuys, CA	EV Charger Installation in Van Nuys, CA	BreadcrumbList,Electrician,FAQPage,Service
/ev-charger-installation-west-hills-ca/	200				https://911electrics.com/ev-charger-installation-west-hills-ca/	EV Charger Installation in West Hills, CA	EV Charger Installation in West Hills, CA	BreadcrumbList,Electrician,FAQPage,Service
/ev-charger-installation-woodland-hills-ca/	200				https://911electrics.com/ev-charger-installation-woodland-hills-ca/	EV Charger Installation in Woodland Hills, CA	EV Charger Installation in Woodland Hills, CA	BreadcrumbList,Electrician,FAQPage,Service
/ev-charger-load-management-los-angeles/	200				https://911electrics.com/ev-charger-load-management-los-angeles/	EV Charger Load Management in Los Angeles	EV Charger Load Management in Los Angeles	BlogPosting,BreadcrumbList,Electrician
/ev-charger-repair-los-angeles/	200				https://911electrics.com/ev-charger-repair-los-angeles/	EV Charger Repair in Los Angeles: Costs & Fixes	EV Charger Repair in Los Angeles: Costs & Fixes	BlogPosting,BreadcrumbList,Electrician
/ev-charging-apartments-condos-los-angeles/	200				https://911electrics.com/ev-charging-apartments-condos-los-angeles/	EV Charging for Apartments & Condos in Los Angeles	EV Charging for Apartments & Condos in Los Angeles	BlogPosting,BreadcrumbList,Electrician
/evitp-certification-ev-charger-incentives-los-angeles	3xx	/why-evitp-certification-matters-for-ev-charger-incentives-los-angeles/						
/evitp-certified-electrician-los-angeles/	200				https://911electrics.com/evitp-certified-electrician-los-angeles/	How to Verify an EVITP Certified Electrician in Los Angeles	How to Verify an EVITP Certified Electrician in Los Angeles	BlogPosting,BreadcrumbList,Electrician
/evitp-electrician-los-angeles/	200				https://911electrics.com/evitp-electrician-los-angeles/	EVITP Electrician Los Angeles | 911 Construction & Electric	What Is EVITP Certification and Why It Matters for Your EV Charger Installation in Los Angeles	BlogPosting,BreadcrumbList,Electrician
/feed/	3xx	/blog/						
/flickering-lights-electrician-los-angeles/	200				https://911electrics.com/flickering-lights-electrician-los-angeles/	Why Are My Lights Flickering? A Los Angeles Guide	Why Are My Lights Flickering? A Los Angeles Guide	BlogPosting,BreadcrumbList,Electrician
/fuse-box-replacement-los-angeles/	200				https://911electrics.com/fuse-box-replacement-los-angeles/	Fuse Box Replacement in Los Angeles: Cost & Guide	Fuse Box Replacement in Los Angeles: Cost & Guide	BlogPosting,BreadcrumbList,Electrician
/garage-electrical-wiring-los-angeles/	200				https://911electrics.com/garage-electrical-wiring-los-angeles/	Garage Electrical Wiring in Los Angeles: A Guide	Garage Electrical Wiring in Los Angeles: A Guide	BlogPosting,BreadcrumbList,Electrician
/generator-interlock-kit-installation-los-angeles/	200				https://911electrics.com/generator-interlock-kit-installation-los-angeles/	Generator Interlock Kit Installation in Los Angeles	Generator Interlock Kit Installation in Los Angeles	BlogPosting,BreadcrumbList,Electrician
/generator-transfer-switch-installation-los-angeles/	200				https://911electrics.com/generator-transfer-switch-installation-los-angeles/	Generator Transfer Switch Installation in Los Angeles	Generator Transfer Switch Installation in Los Angeles	BlogPosting,BreadcrumbList,Electrician
/geo-sitemap.xml	3xx	/sitemap.xml						
/gfci-afci-outlet-installation-los-angeles/	200				https://911electrics.com/gfci-afci-outlet-installation-los-angeles/	GFCI & AFCI Outlet Installation LA | 911 Electric	GFCI & AFCI Outlet Installation in Los Angeles	BlogPosting,BreadcrumbList,Electrician
/gfci-outlet-keeps-tripping-los-angeles/	200				https://911electrics.com/gfci-outlet-keeps-tripping-los-angeles/	GFCI Outlet Keeps Tripping? Fixes for LA Homeowners	GFCI Outlet Keeps Tripping? Fixes for LA Homeowners	BlogPosting,BreadcrumbList,Electrician
/ground-rod-installation-los-angeles/	200				https://911electrics.com/ground-rod-installation-los-angeles/	Ground Rod Installation in Los Angeles: A Homeowner's Guide	Ground Rod Installation in Los Angeles: A Homeowner's Guide	BlogPosting,BreadcrumbList,Electrician
/heat-pump-electrical-wiring-los-angeles/	200				https://911electrics.com/heat-pump-electrical-wiring-los-angeles/	Heat Pump Electrical Wiring in Los Angeles	Heat Pump Electrical Wiring in Los Angeles	BlogPosting,BreadcrumbList,Electrician
/heat-pump-water-heater-installation-los-angeles/	200				https://911electrics.com/heat-pump-water-heater-installation-los-angeles/	Heat Pump Water Heater Installation in Los Angeles	Heat Pump Water Heater Installation in Los Angeles	BlogPosting,BreadcrumbList,Electrician
/holiday-christmas-light-installation-los-angeles/	200				https://911electrics.com/holiday-christmas-light-installation-los-angeles/	Christmas Light Installation in Los Angeles & Pasadena | 911	Professional Holiday & Christmas Light Installation in Los Angeles	BlogPosting,BreadcrumbList,Electrician
/home-battery-backup-installation-los-angeles/	200				https://911electrics.com/home-battery-backup-installation-los-angeles/	Home Battery Backup Installation in Los Angeles	Home Battery Backup Installation in Los Angeles	BlogPosting,BreadcrumbList,Electrician
/hot-tub-electrical-hookup-los-angeles/	200				https://911electrics.com/hot-tub-electrical-hookup-los-angeles/	Hot Tub Electrician in Los Angeles: Wiring & Hookup	Hot Tub Electrician in Los Angeles: Wiring & Hookup	BlogPosting,BreadcrumbList,Electrician
/how-to-choose-a-licensed-electrician-the-complete-guide-for-homeowners-and-businesses/	200				https://911electrics.com/how-to-choose-a-licensed-electrician-the-complete-guide-for-homeowners-and-businesses/	How to Choose a Licensed Electrician: The Complete Guide for Homeowners and Businesses - 911 Construction & Electric Inc.	How to Choose a Licensed Electrician: The Complete Guide for Homeowners and Businesses	BlogPosting,BreadcrumbList,Electrician
/hvac-surge-protector-installation-los-angeles/	200				https://911electrics.com/hvac-surge-protector-installation-los-angeles/	HVAC Surge Protector Installation in Los Angeles	HVAC Surge Protector Installation in Los Angeles	BlogPosting,BreadcrumbList,Electrician
/kitchen-remodel-electrical-los-angeles/	200				https://911electrics.com/kitchen-remodel-electrical-los-angeles/	Kitchen Remodel Electrical in Los Angeles	Kitchen Remodel Electrical in Los Angeles	BlogPosting,BreadcrumbList,Electrician
/knob-and-tube-insurance-los-angeles/	200				https://911electrics.com/knob-and-tube-insurance-los-angeles/	Knob & Tube Wiring Insurance in Los Angeles	Knob & Tube Wiring Insurance in Los Angeles	BlogPosting,BreadcrumbList,Electrician
/knob-and-tube-wiring-replacement-los-angeles/	200				https://911electrics.com/knob-and-tube-wiring-replacement-los-angeles/	Knob-and-Tube Wiring Replacement in LA | 911 Electric	Knob-and-Tube Wiring in Los Angeles: Risks & Replacement	BlogPosting,BreadcrumbList,Electrician
/light-fixture-installation-cost-los-angeles/	200				https://911electrics.com/light-fixture-installation-cost-los-angeles/	Light Fixture Installation Cost in Los Angeles	Light Fixture Installation Cost in Los Angeles	BlogPosting,BreadcrumbList,Electrician
/lighting-installation-upgrades-alhambra-ca/	200				https://911electrics.com/lighting-installation-upgrades-alhambra-ca/	Lighting Installation & Upgrades in Alhambra, CA	Lighting Installation & Upgrades in Alhambra, CA	BreadcrumbList,Electrician,FAQPage,Service
/lighting-installation-upgrades-altadena-ca/	200				https://911electrics.com/lighting-installation-upgrades-altadena-ca/	Lighting Installation & Upgrades in Altadena, CA	Lighting Installation & Upgrades in Altadena, CA	BreadcrumbList,Electrician,FAQPage,Service
/lighting-installation-upgrades-arcadia-ca/	200				https://911electrics.com/lighting-installation-upgrades-arcadia-ca/	Lighting Installation & Upgrades in Arcadia, CA	Lighting Installation & Upgrades in Arcadia, CA	BreadcrumbList,Electrician,FAQPage,Service
/lighting-installation-upgrades-arleta-ca/	200				https://911electrics.com/lighting-installation-upgrades-arleta-ca/	Lighting Installation & Upgrades in Arleta, CA	Lighting Installation & Upgrades in Arleta, CA	BreadcrumbList,Electrician,FAQPage,Service
/lighting-installation-upgrades-baldwin-park-ca/	200				https://911electrics.com/lighting-installation-upgrades-baldwin-park-ca/	Lighting Installation & Upgrades in Baldwin Park, CA	Lighting Installation & Upgrades in Baldwin Park, CA	BreadcrumbList,Electrician,FAQPage,Service
/lighting-installation-upgrades-beverly-hills-ca/	200				https://911electrics.com/lighting-installation-upgrades-beverly-hills-ca/	Lighting Installation & Upgrades in Beverly Hills, CA	Lighting Installation & Upgrades in Beverly Hills, CA	BreadcrumbList,Electrician,FAQPage,Service
/lighting-installation-upgrades-burbank-ca/	200				https://911electrics.com/lighting-installation-upgrades-burbank-ca/	Lighting Installation & Upgrades in Burbank, CA	Lighting Installation & Upgrades in Burbank, CA	BreadcrumbList,Electrician,FAQPage,Service
/lighting-installation-upgrades-calabasas-ca/	200				https://911electrics.com/lighting-installation-upgrades-calabasas-ca/	Lighting Installation & Upgrades in Calabasas, CA	Lighting Installation & Upgrades in Calabasas, CA	BreadcrumbList,Electrician,FAQPage,Service
/lighting-installation-upgrades-canoga-park-ca/	200				https://911electrics.com/lighting-installation-upgrades-canoga-park-ca/	Lighting Installation & Upgrades in Canoga Park, CA	Lighting Installation & Upgrades in Canoga Park, CA	BreadcrumbList,Electrician,FAQPage,Service
/lighting-installation-upgrades-chatsworth-ca/	200				https://911electrics.com/lighting-installation-upgrades-chatsworth-ca/	Lighting Installation & Upgrades in Chatsworth, CA	Lighting Installation & Upgrades in Chatsworth, CA	BreadcrumbList,Electrician,FAQPage,Service
/lighting-installation-upgrades-duarte-ca/	200				https://911electrics.com/lighting-installation-upgrades-duarte-ca/	Lighting Installation & Upgrades in Duarte, CA	Lighting Installation & Upgrades in Duarte, CA	BreadcrumbList,Electrician,FAQPage,Service
/lighting-installation-upgrades-eagle-rock-ca/	200				https://911electrics.com/lighting-installation-upgrades-eagle-rock-ca/	Lighting Installation & Upgrades in Eagle Rock, CA	Lighting Installation & Upgrades in Eagle Rock, CA	BreadcrumbList,Electrician,FAQPage,Service
/lighting-installation-upgrades-el-monte-ca/	200				https://911electrics.com/lighting-installation-upgrades-el-monte-ca/	Lighting Installation & Upgrades in El Monte, CA	Lighting Installation & Upgrades in El Monte, CA	BreadcrumbList,Electrician,FAQPage,Service
/lighting-installation-upgrades-encino-ca/	200				https://911electrics.com/lighting-installation-upgrades-encino-ca/	Lighting Installation & Upgrades in Encino, CA	Lighting Installation & Upgrades in Encino, CA	BreadcrumbList,Electrician,FAQPage,Service
/lighting-installation-upgrades-glendale-ca/	200				https://911electrics.com/lighting-installation-upgrades-glendale-ca/	Lighting Installation & Upgrades in Glendale, CA	Lighting Installation & Upgrades in Glendale, CA	BreadcrumbList,Electrician,FAQPage,Service
/lighting-installation-upgrades-granada-hills-ca/	200				https://911electrics.com/lighting-installation-upgrades-granada-hills-ca/	Lighting Installation & Upgrades in Granada Hills, CA	Lighting Installation & Upgrades in Granada Hills, CA	BreadcrumbList,Electrician,FAQPage,Service
/lighting-installation-upgrades-hancock-park-ca/	200				https://911electrics.com/lighting-installation-upgrades-hancock-park-ca/	Lighting Installation & Upgrades in Hancock Park, CA	Lighting Installation & Upgrades in Hancock Park, CA	BreadcrumbList,Electrician,FAQPage,Service
/lighting-installation-upgrades-highland-park-ca/	200				https://911electrics.com/lighting-installation-upgrades-highland-park-ca/	Lighting Installation & Upgrades in Highland Park, CA	Lighting Installation & Upgrades in Highland Park, CA	BreadcrumbList,Electrician,FAQPage,Service
/lighting-installation-upgrades-hollywood-ca/	200				https://911electrics.com/lighting-installation-upgrades-hollywood-ca/	Lighting Installation & Upgrades in Hollywood, CA	Lighting Installation & Upgrades in Hollywood, CA	BreadcrumbList,Electrician,FAQPage,Service
/lighting-installation-upgrades-la-canada-ca/	200				https://911electrics.com/lighting-installation-upgrades-la-canada-ca/	Lighting Installation & Upgrades in La Canada, CA	Lighting Installation & Upgrades in La Canada, CA	BreadcrumbList,Electrician,FAQPage,Service
/lighting-installation-upgrades-la-crescenta-ca/	200				https://911electrics.com/lighting-installation-upgrades-la-crescenta-ca/	Lighting Installation & Upgrades in La Crescenta, CA	Lighting Installation & Upgrades in La Crescenta, CA	BreadcrumbList,Electrician,FAQPage,Service
/lighting-installation-upgrades-long-beach-ca/	200				https://911electrics.com/lighting-installation-upgrades-long-beach-ca/	Lighting Installation & Upgrades in Long Beach, CA	Lighting Installation & Upgrades in Long Beach, CA	BreadcrumbList,Electrician,FAQPage,Service
/lighting-installation-upgrades-los-angeles-ca/	200				https://911electrics.com/lighting-installation-upgrades-los-angeles-ca/	Lighting Installation in Los Angeles, CA | 911 Electric	Professional Lighting Installation & Upgrades in Los Angeles, CA	BreadcrumbList,Electrician,FAQPage,Service
/lighting-installation-upgrades-los-feliz-ca/	200				https://911electrics.com/lighting-installation-upgrades-los-feliz-ca/	Lighting Installation & Upgrades in Los Feliz, CA	Lighting Installation & Upgrades in Los Feliz, CA	BreadcrumbList,Electrician,FAQPage,Service
/lighting-installation-upgrades-melrose-ca/	200				https://911electrics.com/lighting-installation-upgrades-melrose-ca/	Lighting Installation & Upgrades in Melrose, CA	Lighting Installation & Upgrades in Melrose, CA	BreadcrumbList,Electrician,FAQPage,Service
/lighting-installation-upgrades-mission-hills-ca/	200				https://911electrics.com/lighting-installation-upgrades-mission-hills-ca/	Lighting Installation & Upgrades in Mission Hills, CA	Lighting Installation & Upgrades in Mission Hills, CA	BreadcrumbList,Electrician,FAQPage,Service
/lighting-installation-upgrades-monrovia-ca/	200				https://911electrics.com/lighting-installation-upgrades-monrovia-ca/	Lighting Installation & Upgrades in Monrovia, CA	Lighting Installation & Upgrades in Monrovia, CA	BreadcrumbList,Electrician,FAQPage,Service
/lighting-installation-upgrades-montebello-ca/	200				https://911electrics.com/lighting-installation-upgrades-montebello-ca/	Lighting Installation & Upgrades in Montebello, CA	Lighting Installation & Upgrades in Montebello, CA	BreadcrumbList,Electrician,FAQPage,Service
/lighting-installation-upgrades-monterey-park-ca/	200				https://911electrics.com/lighting-installation-upgrades-monterey-park-ca/	Lighting Installation & Upgrades in Monterey Park, CA	Lighting Installation & Upgrades in Monterey Park, CA	BreadcrumbList,Electrician,FAQPage,Service
/lighting-installation-upgrades-montrose-ca/	200				https://911electrics.com/lighting-installation-upgrades-montrose-ca/	Lighting Installation & Upgrades in Montrose, CA	Lighting Installation & Upgrades in Montrose, CA	BreadcrumbList,Electrician,FAQPage,Service
/lighting-installation-upgrades-north-hills-ca/	200				https://911electrics.com/lighting-installation-upgrades-north-hills-ca/	Lighting Installation & Upgrades in North Hills, CA	Lighting Installation & Upgrades in North Hills, CA	BreadcrumbList,Electrician,FAQPage,Service
/lighting-installation-upgrades-north-hollywood-ca/	200				https://911electrics.com/lighting-installation-upgrades-north-hollywood-ca/	Lighting Installation & Upgrades in North Hollywood, CA	Lighting Installation & Upgrades in North Hollywood, CA	BreadcrumbList,Electrician,FAQPage,Service
/lighting-installation-upgrades-northridge-ca/	200				https://911electrics.com/lighting-installation-upgrades-northridge-ca/	Lighting Installation & Upgrades in Northridge, CA	Lighting Installation & Upgrades in Northridge, CA	BreadcrumbList,Electrician,FAQPage,Service
/lighting-installation-upgrades-oxnard-ca/	200				https://911electrics.com/lighting-installation-upgrades-oxnard-ca/	Lighting Installation & Upgrades in Oxnard, CA	Lighting Installation & Upgrades in Oxnard, CA	BreadcrumbList,Electrician,FAQPage,Service
/lighting-installation-upgrades-pasadena-ca/	200				https://911electrics.com/lighting-installation-upgrades-pasadena-ca/	Lighting Installation & Upgrades in Pasadena, CA	Lighting Installation & Upgrades in Pasadena, CA	BreadcrumbList,Electrician,FAQPage,Service
/lighting-installation-upgrades-porter-ranch-ca/	200				https://911electrics.com/lighting-installation-upgrades-porter-ranch-ca/	Lighting Installation & Upgrades in Porter Ranch, CA	Lighting Installation & Upgrades in Porter Ranch, CA	BreadcrumbList,Electrician,FAQPage,Service
/lighting-installation-upgrades-reseda-ca/	200				https://911electrics.com/lighting-installation-upgrades-reseda-ca/	Lighting Installation & Upgrades in Reseda, CA	Lighting Installation & Upgrades in Reseda, CA	BreadcrumbList,Electrician,FAQPage,Service
/lighting-installation-upgrades-rosemead-ca/	200				https://911electrics.com/lighting-installation-upgrades-rosemead-ca/	Lighting Installation & Upgrades in Rosemead, CA	Lighting Installation & Upgrades in Rosemead, CA	BreadcrumbList,Electrician,FAQPage,Service
/lighting-installation-upgrades-san-fernando-ca/	200				https://911electrics.com/lighting-installation-upgrades-san-fernando-ca/	Lighting Installation & Upgrades in San Fernando, CA	Lighting Installation & Upgrades in San Fernando, CA	BreadcrumbList,Electrician,FAQPage,Service
/lighting-installation-upgrades-san-fernando-valley-ca/	200				https://911electrics.com/lighting-installation-upgrades-san-fernando-valley-ca/	Lighting Installation & Upgrades in San Fernando Valley, CA	Lighting Installation & Upgrades in San Fernando Valley, CA	BreadcrumbList,Electrician,FAQPage,Service
/lighting-installation-upgrades-san-gabriel-ca/	200				https://911electrics.com/lighting-installation-upgrades-san-gabriel-ca/	Lighting Installation & Upgrades in San Gabriel, CA	Lighting Installation & Upgrades in San Gabriel, CA	BreadcrumbList,Electrician,FAQPage,Service
/lighting-installation-upgrades-san-marino-ca/	200				https://911electrics.com/lighting-installation-upgrades-san-marino-ca/	Lighting Installation & Upgrades in San Marino, CA	Lighting Installation & Upgrades in San Marino, CA	BreadcrumbList,Electrician,FAQPage,Service
/lighting-installation-upgrades-santa-monica-ca/	200				https://911electrics.com/lighting-installation-upgrades-santa-monica-ca/	Lighting Installation & Upgrades in Santa Monica, CA	Lighting Installation & Upgrades in Santa Monica, CA	BreadcrumbList,Electrician,FAQPage,Service
/lighting-installation-upgrades-sherman-oaks-ca/	200				https://911electrics.com/lighting-installation-upgrades-sherman-oaks-ca/	Lighting Installation & Upgrades in Sherman Oaks, CA	Lighting Installation & Upgrades in Sherman Oaks, CA	BreadcrumbList,Electrician,FAQPage,Service
/lighting-installation-upgrades-sierra-madre-ca/	200				https://911electrics.com/lighting-installation-upgrades-sierra-madre-ca/	Lighting Installation & Upgrades in Sierra Madre, CA	Lighting Installation & Upgrades in Sierra Madre, CA	BreadcrumbList,Electrician,FAQPage,Service
/lighting-installation-upgrades-south-pasadena-ca/	200				https://911electrics.com/lighting-installation-upgrades-south-pasadena-ca/	Lighting Installation & Upgrades in South Pasadena, CA	Lighting Installation & Upgrades in South Pasadena, CA	BreadcrumbList,Electrician,FAQPage,Service
/lighting-installation-upgrades-studio-city-ca/	200				https://911electrics.com/lighting-installation-upgrades-studio-city-ca/	Lighting Installation & Upgrades in Studio City, CA	Lighting Installation & Upgrades in Studio City, CA	BreadcrumbList,Electrician,FAQPage,Service
/lighting-installation-upgrades-sun-valley-ca/	200				https://911electrics.com/lighting-installation-upgrades-sun-valley-ca/	Lighting Installation & Upgrades in Sun Valley, CA	Lighting Installation & Upgrades in Sun Valley, CA	BreadcrumbList,Electrician,FAQPage,Service
/lighting-installation-upgrades-sunland-ca/	200				https://911electrics.com/lighting-installation-upgrades-sunland-ca/	Lighting Installation & Upgrades in Sunland, CA	Lighting Installation & Upgrades in Sunland, CA	BreadcrumbList,Electrician,FAQPage,Service
/lighting-installation-upgrades-sylmar-ca/	200				https://911electrics.com/lighting-installation-upgrades-sylmar-ca/	Lighting Installation & Upgrades in Sylmar, CA	Lighting Installation & Upgrades in Sylmar, CA	BreadcrumbList,Electrician,FAQPage,Service
/lighting-installation-upgrades-tarzana-ca/	200				https://911electrics.com/lighting-installation-upgrades-tarzana-ca/	Lighting Installation & Upgrades in Tarzana, CA	Lighting Installation & Upgrades in Tarzana, CA	BreadcrumbList,Electrician,FAQPage,Service
/lighting-installation-upgrades-temple-city-ca/	200				https://911electrics.com/lighting-installation-upgrades-temple-city-ca/	Lighting Installation & Upgrades in Temple City, CA	Lighting Installation & Upgrades in Temple City, CA	BreadcrumbList,Electrician,FAQPage,Service
/lighting-installation-upgrades-thousand-oaks-ca/	200				https://911electrics.com/lighting-installation-upgrades-thousand-oaks-ca/	Lighting Installation & Upgrades in Thousand Oaks, CA	Lighting Installation & Upgrades in Thousand Oaks, CA	BreadcrumbList,Electrician,FAQPage,Service
/lighting-installation-upgrades-toluca-lake-ca/	200				https://911electrics.com/lighting-installation-upgrades-toluca-lake-ca/	Lighting Installation & Upgrades in Toluca Lake, CA	Lighting Installation & Upgrades in Toluca Lake, CA	BreadcrumbList,Electrician,FAQPage,Service
/lighting-installation-upgrades-tujunga-ca/	200				https://911electrics.com/lighting-installation-upgrades-tujunga-ca/	Lighting Installation & Upgrades in Tujunga, CA	Lighting Installation & Upgrades in Tujunga, CA	BreadcrumbList,Electrician,FAQPage,Service
/lighting-installation-upgrades-van-nuys-ca/	200				https://911electrics.com/lighting-installation-upgrades-van-nuys-ca/	Lighting Installation & Upgrades in Van Nuys, CA	Lighting Installation & Upgrades in Van Nuys, CA	BreadcrumbList,Electrician,FAQPage,Service
/lighting-installation-upgrades-west-hills-ca/	200				https://911electrics.com/lighting-installation-upgrades-west-hills-ca/	Lighting Installation & Upgrades in West Hills, CA	Lighting Installation & Upgrades in West Hills, CA	BreadcrumbList,Electrician,FAQPage,Service
/lighting-installation-upgrades-woodland-hills-ca/	200				https://911electrics.com/lighting-installation-upgrades-woodland-hills-ca/	Lighting Installation & Upgrades in Woodland Hills, CA	Lighting Installation & Upgrades in Woodland Hills, CA	BreadcrumbList,Electrician,FAQPage,Service
/llms.txt	200							
/locations.kml	3xx	/service-areas/						
/los-angeles-home-ev-charger-installation/	200				https://911electrics.com/los-angeles-home-ev-charger-installation/	Why Los Angeles Homeowners Are Installing EV Chargers at Home - 911 Construction & Electric Inc.	Why Los Angeles Homeowners Are Installing EV Chargers at Home	BlogPosting,BreadcrumbList,Electrician
/low-voltage-electrician-los-angeles/	200				https://911electrics.com/low-voltage-electrician-los-angeles/	Low Voltage Electrician in Los Angeles: Wiring & Cabling	Low Voltage Electrician in Los Angeles: Wiring & Cabling	BlogPosting,BreadcrumbList,Electrician
/mini-split-electrical-wiring-los-angeles/	200				https://911electrics.com/mini-split-electrical-wiring-los-angeles/	Mini Split Electrical Wiring in Los Angeles	Mini Split Electrical Wiring in Los Angeles	BlogPosting,BreadcrumbList,Electrician
/nema-14-50-outlet-installation-los-angeles/	200				https://911electrics.com/nema-14-50-outlet-installation-los-angeles/	NEMA 14-50 Outlet Installation Cost in Los Angeles	NEMA 14-50 Outlet Installation Cost in Los Angeles	BlogPosting,BreadcrumbList,Electrician
/new-construction-electrical-alhambra-ca/	200				https://911electrics.com/new-construction-electrical-alhambra-ca/	New Construction Electrical in Alhambra, CA	New Construction Electrical in Alhambra, CA	BreadcrumbList,Electrician,FAQPage,Service
/new-construction-electrical-altadena-ca/	200				https://911electrics.com/new-construction-electrical-altadena-ca/	New Construction Electrical in Altadena, CA	New Construction Electrical in Altadena, CA	BreadcrumbList,Electrician,FAQPage,Service
/new-construction-electrical-arcadia-ca/	200				https://911electrics.com/new-construction-electrical-arcadia-ca/	New Construction Electrical in Arcadia, CA	New Construction Electrical in Arcadia, CA	BreadcrumbList,Electrician,FAQPage,Service
/new-construction-electrical-arleta-ca/	200				https://911electrics.com/new-construction-electrical-arleta-ca/	New Construction Electrical in Arleta, CA	New Construction Electrical in Arleta, CA	BreadcrumbList,Electrician,FAQPage,Service
/new-construction-electrical-baldwin-park-ca/	200				https://911electrics.com/new-construction-electrical-baldwin-park-ca/	New Construction Electrical in Baldwin Park, CA	New Construction Electrical in Baldwin Park, CA	BreadcrumbList,Electrician,FAQPage,Service
/new-construction-electrical-beverly-hills-ca/	200				https://911electrics.com/new-construction-electrical-beverly-hills-ca/	New Construction Electrical in Beverly Hills, CA	New Construction Electrical in Beverly Hills, CA	BreadcrumbList,Electrician,FAQPage,Service
/new-construction-electrical-burbank-ca/	200				https://911electrics.com/new-construction-electrical-burbank-ca/	New Construction Electrical in Burbank, CA	New Construction Electrical in Burbank, CA	BreadcrumbList,Electrician,FAQPage,Service
/new-construction-electrical-calabasas-ca/	200				https://911electrics.com/new-construction-electrical-calabasas-ca/	New Construction Electrical in Calabasas, CA	New Construction Electrical in Calabasas, CA	BreadcrumbList,Electrician,FAQPage,Service
/new-construction-electrical-canoga-park-ca/	200				https://911electrics.com/new-construction-electrical-canoga-park-ca/	New Construction Electrical in Canoga Park, CA	New Construction Electrical in Canoga Park, CA	BreadcrumbList,Electrician,FAQPage,Service
/new-construction-electrical-chatsworth-ca/	200				https://911electrics.com/new-construction-electrical-chatsworth-ca/	New Construction Electrical in Chatsworth, CA	New Construction Electrical in Chatsworth, CA	BreadcrumbList,Electrician,FAQPage,Service
/new-construction-electrical-duarte-ca/	200				https://911electrics.com/new-construction-electrical-duarte-ca/	New Construction Electrical in Duarte, CA	New Construction Electrical in Duarte, CA	BreadcrumbList,Electrician,FAQPage,Service
/new-construction-electrical-eagle-rock-ca/	200				https://911electrics.com/new-construction-electrical-eagle-rock-ca/	New Construction Electrical in Eagle Rock, CA	New Construction Electrical in Eagle Rock, CA	BreadcrumbList,Electrician,FAQPage,Service
/new-construction-electrical-el-monte-ca/	200				https://911electrics.com/new-construction-electrical-el-monte-ca/	New Construction Electrical in El Monte, CA	New Construction Electrical in El Monte, CA	BreadcrumbList,Electrician,FAQPage,Service
/new-construction-electrical-encino-ca/	200				https://911electrics.com/new-construction-electrical-encino-ca/	New Construction Electrical in Encino, CA	New Construction Electrical in Encino, CA	BreadcrumbList,Electrician,FAQPage,Service
/new-construction-electrical-glendale-ca/	200				https://911electrics.com/new-construction-electrical-glendale-ca/	New Construction Electrical in Glendale, CA	New Construction Electrical in Glendale, CA	BreadcrumbList,Electrician,FAQPage,Service
/new-construction-electrical-granada-hills-ca/	200				https://911electrics.com/new-construction-electrical-granada-hills-ca/	New Construction Electrical in Granada Hills, CA	New Construction Electrical in Granada Hills, CA	BreadcrumbList,Electrician,FAQPage,Service
/new-construction-electrical-hancock-park-ca/	200				https://911electrics.com/new-construction-electrical-hancock-park-ca/	New Construction Electrical in Hancock Park, CA	New Construction Electrical in Hancock Park, CA	BreadcrumbList,Electrician,FAQPage,Service
/new-construction-electrical-highland-park-ca/	200				https://911electrics.com/new-construction-electrical-highland-park-ca/	New Construction Electrical in Highland Park, CA	New Construction Electrical in Highland Park, CA	BreadcrumbList,Electrician,FAQPage,Service
/new-construction-electrical-hollywood-ca/	200				https://911electrics.com/new-construction-electrical-hollywood-ca/	New Construction Electrical in Hollywood, CA	New Construction Electrical in Hollywood, CA	BreadcrumbList,Electrician,FAQPage,Service
/new-construction-electrical-la-canada-ca/	200				https://911electrics.com/new-construction-electrical-la-canada-ca/	New Construction Electrical in La Canada, CA	New Construction Electrical in La Canada, CA	BreadcrumbList,Electrician,FAQPage,Service
/new-construction-electrical-la-crescenta-ca/	200				https://911electrics.com/new-construction-electrical-la-crescenta-ca/	New Construction Electrical in La Crescenta, CA	New Construction Electrical in La Crescenta, CA	BreadcrumbList,Electrician,FAQPage,Service
/new-construction-electrical-long-beach-ca/	200				https://911electrics.com/new-construction-electrical-long-beach-ca/	New Construction Electrical in Long Beach, CA	New Construction Electrical in Long Beach, CA	BreadcrumbList,Electrician,FAQPage,Service
/new-construction-electrical-los-angeles-ca/	200				https://911electrics.com/new-construction-electrical-los-angeles-ca/	New Construction Electrical in Los Angeles, CA	Professional New Construction Electrical in Los Angeles, CA	BreadcrumbList,Electrician,FAQPage,Service
/new-construction-electrical-los-feliz-ca/	200				https://911electrics.com/new-construction-electrical-los-feliz-ca/	New Construction Electrical in Los Feliz, CA	New Construction Electrical in Los Feliz, CA	BreadcrumbList,Electrician,FAQPage,Service
/new-construction-electrical-melrose-ca/	200				https://911electrics.com/new-construction-electrical-melrose-ca/	New Construction Electrical in Melrose, CA	New Construction Electrical in Melrose, CA	BreadcrumbList,Electrician,FAQPage,Service
/new-construction-electrical-mission-hills-ca/	200				https://911electrics.com/new-construction-electrical-mission-hills-ca/	New Construction Electrical in Mission Hills, CA	New Construction Electrical in Mission Hills, CA	BreadcrumbList,Electrician,FAQPage,Service
/new-construction-electrical-monrovia-ca/	200				https://911electrics.com/new-construction-electrical-monrovia-ca/	New Construction Electrical in Monrovia, CA	New Construction Electrical in Monrovia, CA	BreadcrumbList,Electrician,FAQPage,Service
/new-construction-electrical-montebello-ca/	200				https://911electrics.com/new-construction-electrical-montebello-ca/	New Construction Electrical in Montebello, CA	New Construction Electrical in Montebello, CA	BreadcrumbList,Electrician,FAQPage,Service
/new-construction-electrical-monterey-park-ca/	200				https://911electrics.com/new-construction-electrical-monterey-park-ca/	New Construction Electrical in Monterey Park, CA	New Construction Electrical in Monterey Park, CA	BreadcrumbList,Electrician,FAQPage,Service
/new-construction-electrical-montrose-ca/	200				https://911electrics.com/new-construction-electrical-montrose-ca/	New Construction Electrical in Montrose, CA	New Construction Electrical in Montrose, CA	BreadcrumbList,Electrician,FAQPage,Service
/new-construction-electrical-north-hills-ca/	200				https://911electrics.com/new-construction-electrical-north-hills-ca/	New Construction Electrical in North Hills, CA	New Construction Electrical in North Hills, CA	BreadcrumbList,Electrician,FAQPage,Service
/new-construction-electrical-north-hollywood-ca/	200				https://911electrics.com/new-construction-electrical-north-hollywood-ca/	New Construction Electrical in North Hollywood, CA	New Construction Electrical in North Hollywood, CA	BreadcrumbList,Electrician,FAQPage,Service
/new-construction-electrical-northridge-ca/	200				https://911electrics.com/new-construction-electrical-northridge-ca/	New Construction Electrical in Northridge, CA	New Construction Electrical in Northridge, CA	BreadcrumbList,Electrician,FAQPage,Service
/new-construction-electrical-oxnard-ca/	200				https://911electrics.com/new-construction-electrical-oxnard-ca/	New Construction Electrical in Oxnard, CA	New Construction Electrical in Oxnard, CA	BreadcrumbList,Electrician,FAQPage,Service
/new-construction-electrical-pasadena-ca/	200				https://911electrics.com/new-construction-electrical-pasadena-ca/	New Construction Electrical in Pasadena, CA	New Construction Electrical in Pasadena, CA	BreadcrumbList,Electrician,FAQPage,Service
/new-construction-electrical-porter-ranch-ca/	200				https://911electrics.com/new-construction-electrical-porter-ranch-ca/	New Construction Electrical in Porter Ranch, CA	New Construction Electrical in Porter Ranch, CA	BreadcrumbList,Electrician,FAQPage,Service
/new-construction-electrical-reseda-ca/	200				https://911electrics.com/new-construction-electrical-reseda-ca/	New Construction Electrical in Reseda, CA	New Construction Electrical in Reseda, CA	BreadcrumbList,Electrician,FAQPage,Service
/new-construction-electrical-rosemead-ca/	200				https://911electrics.com/new-construction-electrical-rosemead-ca/	New Construction Electrical in Rosemead, CA	New Construction Electrical in Rosemead, CA	BreadcrumbList,Electrician,FAQPage,Service
/new-construction-electrical-san-fernando-ca/	200				https://911electrics.com/new-construction-electrical-san-fernando-ca/	New Construction Electrical in San Fernando, CA	New Construction Electrical in San Fernando, CA	BreadcrumbList,Electrician,FAQPage,Service
/new-construction-electrical-san-fernando-valley-ca/	200				https://911electrics.com/new-construction-electrical-san-fernando-valley-ca/	New Construction Electrical in San Fernando Valley, CA	New Construction Electrical in San Fernando Valley, CA	BreadcrumbList,Electrician,FAQPage,Service
/new-construction-electrical-san-gabriel-ca/	200				https://911electrics.com/new-construction-electrical-san-gabriel-ca/	New Construction Electrical in San Gabriel, CA	New Construction Electrical in San Gabriel, CA	BreadcrumbList,Electrician,FAQPage,Service
/new-construction-electrical-san-marino-ca/	200				https://911electrics.com/new-construction-electrical-san-marino-ca/	New Construction Electrical in San Marino, CA	New Construction Electrical in San Marino, CA	BreadcrumbList,Electrician,FAQPage,Service
/new-construction-electrical-santa-monica-ca/	200				https://911electrics.com/new-construction-electrical-santa-monica-ca/	New Construction Electrical in Santa Monica, CA	New Construction Electrical in Santa Monica, CA	BreadcrumbList,Electrician,FAQPage,Service
/new-construction-electrical-sherman-oaks-ca/	200				https://911electrics.com/new-construction-electrical-sherman-oaks-ca/	New Construction Electrical in Sherman Oaks, CA	New Construction Electrical in Sherman Oaks, CA	BreadcrumbList,Electrician,FAQPage,Service
/new-construction-electrical-sierra-madre-ca/	200				https://911electrics.com/new-construction-electrical-sierra-madre-ca/	New Construction Electrical in Sierra Madre, CA	New Construction Electrical in Sierra Madre, CA	BreadcrumbList,Electrician,FAQPage,Service
/new-construction-electrical-south-pasadena-ca/	200				https://911electrics.com/new-construction-electrical-south-pasadena-ca/	New Construction Electrical in South Pasadena, CA	New Construction Electrical in South Pasadena, CA	BreadcrumbList,Electrician,FAQPage,Service
/new-construction-electrical-studio-city-ca/	200				https://911electrics.com/new-construction-electrical-studio-city-ca/	New Construction Electrical in Studio City, CA	New Construction Electrical in Studio City, CA	BreadcrumbList,Electrician,FAQPage,Service
/new-construction-electrical-sun-valley-ca/	200				https://911electrics.com/new-construction-electrical-sun-valley-ca/	New Construction Electrical in Sun Valley, CA	New Construction Electrical in Sun Valley, CA	BreadcrumbList,Electrician,FAQPage,Service
/new-construction-electrical-sunland-ca/	200				https://911electrics.com/new-construction-electrical-sunland-ca/	New Construction Electrical in Sunland, CA	New Construction Electrical in Sunland, CA	BreadcrumbList,Electrician,FAQPage,Service
/new-construction-electrical-sylmar-ca/	200				https://911electrics.com/new-construction-electrical-sylmar-ca/	New Construction Electrical in Sylmar, CA	New Construction Electrical in Sylmar, CA	BreadcrumbList,Electrician,FAQPage,Service
/new-construction-electrical-tarzana-ca/	200				https://911electrics.com/new-construction-electrical-tarzana-ca/	New Construction Electrical in Tarzana, CA	New Construction Electrical in Tarzana, CA	BreadcrumbList,Electrician,FAQPage,Service
/new-construction-electrical-temple-city-ca/	200				https://911electrics.com/new-construction-electrical-temple-city-ca/	New Construction Electrical in Temple City, CA	New Construction Electrical in Temple City, CA	BreadcrumbList,Electrician,FAQPage,Service
/new-construction-electrical-thousand-oaks-ca/	200				https://911electrics.com/new-construction-electrical-thousand-oaks-ca/	New Construction Electrical in Thousand Oaks, CA	New Construction Electrical in Thousand Oaks, CA	BreadcrumbList,Electrician,FAQPage,Service
/new-construction-electrical-toluca-lake-ca/	200				https://911electrics.com/new-construction-electrical-toluca-lake-ca/	New Construction Electrical in Toluca Lake, CA	New Construction Electrical in Toluca Lake, CA	BreadcrumbList,Electrician,FAQPage,Service
/new-construction-electrical-tujunga-ca/	200				https://911electrics.com/new-construction-electrical-tujunga-ca/	New Construction Electrical in Tujunga, CA	New Construction Electrical in Tujunga, CA	BreadcrumbList,Electrician,FAQPage,Service
/new-construction-electrical-van-nuys-ca/	200				https://911electrics.com/new-construction-electrical-van-nuys-ca/	New Construction Electrical in Van Nuys, CA	New Construction Electrical in Van Nuys, CA	BreadcrumbList,Electrician,FAQPage,Service
/new-construction-electrical-west-hills-ca/	200				https://911electrics.com/new-construction-electrical-west-hills-ca/	New Construction Electrical in West Hills, CA	New Construction Electrical in West Hills, CA	BreadcrumbList,Electrician,FAQPage,Service
/new-construction-electrical-woodland-hills-ca/	200				https://911electrics.com/new-construction-electrical-woodland-hills-ca/	New Construction Electrical in Woodland Hills, CA	New Construction Electrical in Woodland Hills, CA	BreadcrumbList,Electrician,FAQPage,Service
/our-company	3xx	/						
/outdated-home-wiring-loose-connections-electrical-safety/	200				https://911electrics.com/outdated-home-wiring-loose-connections-electrical-safety/	Outdated Home Wiring Electrical Safety Risks Revealed	Outdated Home Wiring & Loose Connections: Why Southern California Homeowners Should Check Now	BlogPosting,BreadcrumbList,Electrician
/outdoor-landscape-lighting-los-angeles/	200				https://911electrics.com/outdoor-landscape-lighting-los-angeles/	Landscape Lighting Installation in Los Angeles	Landscape Lighting Installation in Los Angeles	BlogPosting,BreadcrumbList,Electrician
/outdoor-outlet-installation-los-angeles/	200				https://911electrics.com/outdoor-outlet-installation-los-angeles/	Outdoor Outlet Installation in Los Angeles: Cost & Code	Outdoor Outlet Installation in Los Angeles: Cost & Code	BlogPosting,BreadcrumbList,Electrician
/outlet-not-working-repair-los-angeles/	200				https://911electrics.com/outlet-not-working-repair-los-angeles/	Electrical Outlet Not Working in Los Angeles	Electrical Outlet Not Working in Los Angeles	BlogPosting,BreadcrumbList,Electrician
/outlet-sparking-burning-smell-los-angeles/	200				https://911electrics.com/outlet-sparking-burning-smell-los-angeles/	Outlet Sparking or Burning Smell? Los Angeles Guide	Outlet Sparking or Burning Smell? Los Angeles Guide	BlogPosting,BreadcrumbList,Electrician
/page-sitemap.xml	3xx	/sitemap.xml						
/panel-upgrade-for-ev-charger-installation-los-angeles/	200				https://911electrics.com/panel-upgrade-for-ev-charger-installation-los-angeles/	Panel Upgrade for EV Charger Installation in Los Angeles	Do You Need a Panel Upgrade for EV Charger Installation in Los Angeles?	BlogPosting,BreadcrumbList,Electrician
/panel-upgrade-rebates-pasadena-los-angeles/	200				https://911electrics.com/panel-upgrade-rebates-pasadena-los-angeles/	Panel Upgrade Pasadena | Rebates & Electrical Upgrades	Why a Panel Upgrade Can Save Money in Pasadena and Nearby Los Angeles Areas	BlogPosting,BreadcrumbList,Electrician
/parking-lot-lighting-repair-los-angeles/	200				https://911electrics.com/parking-lot-lighting-repair-los-angeles/	Parking Lot Lighting Repair in Los Angeles: Owner's Guide	Parking Lot Lighting Repair in Los Angeles: Owner's Guide	BlogPosting,BreadcrumbList,Electrician
/partial-power-outage-in-house-los-angeles/	200				https://911electrics.com/partial-power-outage-in-house-los-angeles/	Partial Power Outage in House: Causes & Fixes (Los Angeles)	Partial Power Outage in House: Causes & Fixes (Los Angeles)	BlogPosting,BreadcrumbList,Electrician
/pasadena-ev-charger-rebate-homeowners/	200				https://911electrics.com/pasadena-ev-charger-rebate-homeowners/	Pasadena EV Charger Rebate: What Homeowners Should Know - 911 Construction & Electric Inc.	Pasadena EV Charger Rebate: What Homeowners Should Know	BlogPosting,BreadcrumbList,Electrician
/pasadena-panel-upgrade-rebate-2026-requirements-documents-timeline/	200				https://911electrics.com/pasadena-panel-upgrade-rebate-2026-requirements-documents-timeline/	Pasadena Panel Upgrade Rebate 2026: PWP Requirements & Timeline	Pasadena Panel Upgrade Rebate 2026: PWP Rules & Timeline	BlogPosting,BreadcrumbList,Electrician
/pool-pump-electrical-wiring-los-angeles/	200				https://911electrics.com/pool-pump-electrical-wiring-los-angeles/	Pool Pump Electrical Wiring in Los Angeles	Pool Pump Electrical Wiring in Los Angeles	BlogPosting,BreadcrumbList,Electrician
/post-sitemap.xml	3xx	/sitemap.xml						
/pre-purchase-electrical-inspection-los-angeles/	200				https://911electrics.com/pre-purchase-electrical-inspection-los-angeles/	Pre-Purchase Electrical Inspection in Los Angeles | 911	Why a Pre-Purchase Electrical Inspection Is Essential When Buying a Home in Los Angeles	BlogPosting,BreadcrumbList,Electrician
/privacy-policy/	200				https://911electrics.com/privacy-policy/	Privacy Policy | 911 Construction & Electric Inc.	Privacy Policy	
/recessed-lighting-installation-los-angeles/	200				https://911electrics.com/recessed-lighting-installation-los-angeles/	Recessed Lighting Installation LA | 911 Electric	Recessed Lighting Installation in Los Angeles	BlogPosting,BreadcrumbList,Electrician
/residential	3xx	/services/						
/robots.txt	200							
/sce-4200-rebate-panel-upgrade-ev-charger-installation-los-angeles/	200				https://911electrics.com/sce-4200-rebate-panel-upgrade-ev-charger-installation-los-angeles/	SCE Charge Ready Home Rebate — Up to $4,200 | 911 Electric	SCE Offering Up to $4,200 Rebate for Electrical Panel Upgrades and EV Charger Installation	BlogPosting,BreadcrumbList,Electrician
/sce-charge-ready-home-in-network-contractor-los-angeles/	200				https://911electrics.com/sce-charge-ready-home-in-network-contractor-los-angeles/	SCE Charge Ready Home In-Network Contractor in LA	SCE Charge Ready Home In-Network Contractor in LA	BlogPosting,BreadcrumbList,Electrician
/sce-panel-upgrade-rebate-eligibility-los-angeles/	200				https://911electrics.com/sce-panel-upgrade-rebate-eligibility-los-angeles/	Do You Qualify for the SCE Panel Upgrade Rebate?	Do You Qualify for the SCE Panel Upgrade Rebate?	BlogPosting,BreadcrumbList,Electrician
/security-lighting-installation-los-angeles/	200				https://911electrics.com/security-lighting-installation-los-angeles/	Security Lighting Installation in Los Angeles: Guide	Security Lighting Installation in Los Angeles: Guide	BlogPosting,BreadcrumbList,Electrician
/service-areas/	200				https://911electrics.com/service-areas/	Electrical Service Los Angeles for Your Property Needs - 911 Construction & Electric Inc.	Electrician Service Areas Across Los Angeles County for Repairs, Panel Upgrades & EV Chargers	
/services/	200				https://911electrics.com/services/	911 Construction & Electric Services for Your Needs	Professional Services in Los Angeles, CA	
/services/electrical/	3xx	/services/						
/services/electrical/residential/	3xx	/services/						
/services/los-angeles-ca/	200				https://911electrics.com/services/los-angeles-ca/	Electrician in Los Angeles, CA | 911 Electric	Electrician in Los Angeles, CA for Repairs, Panel Upgrades & EV Chargers	BreadcrumbList,Electrician,FAQPage
/signs-you-need-an-electrical-panel-upgrade-in-los-angeles/	200				https://911electrics.com/signs-you-need-an-electrical-panel-upgrade-in-los-angeles/	Signs You Need an Electrical Panel Upgrade in Los Angeles |	Signs You Need an Electrical Panel Upgrade in Los Angeles	BlogPosting,BreadcrumbList,Electrician
/sitemap_index.xml	3xx	/sitemap.xml						
/sitemap.xml	200							
/smart-electrical-panel-installation-los-angeles/	200				https://911electrics.com/smart-electrical-panel-installation-los-angeles/	Smart Electrical Panel Installation in Los Angeles	Smart Electrical Panel Installation in Los Angeles	BlogPosting,BreadcrumbList,Electrician
/smart-home-electrical-wiring-los-angeles/	200				https://911electrics.com/smart-home-electrical-wiring-los-angeles/	Smart Home Electrical Wiring LA | 911 Electric	Smart Home Electrical Wiring in Los Angeles	BlogPosting,BreadcrumbList,Electrician
/smoke-detector-installation-los-angeles/	200				https://911electrics.com/smoke-detector-installation-los-angeles/	Smoke Detector Installation in Los Angeles: Guide	Smoke Detector Installation in Los Angeles: Guide	BlogPosting,BreadcrumbList,Electrician
/sub-panel-surge-protector-los-angeles/	200				https://911electrics.com/sub-panel-surge-protector-los-angeles/	Sub-Panel & Surge Protector Installation (LA) | 911 Electric	Sub-Panels & Whole-House Surge Protectors in LA: What to Know	BlogPosting,BreadcrumbList,Electrician
/subpanel-installation-los-angeles/	200				https://911electrics.com/subpanel-installation-los-angeles/	Electrical Sub Panel Installation in Los Angeles	Electrical Sub Panel Installation in Los Angeles	BlogPosting,BreadcrumbList,Electrician
/tandem-breakers-vs-panel-upgrade-los-angeles/	200				https://911electrics.com/tandem-breakers-vs-panel-upgrade-los-angeles/	Tandem Breakers vs. Panel Upgrade in Los Angeles	Tandem Breakers vs. Panel Upgrade in Los Angeles	BlogPosting,BreadcrumbList,Electrician
/temporary-power-pole-installation-los-angeles/	200				https://911electrics.com/temporary-power-pole-installation-los-angeles/	Temporary Power Pole Installation in Los Angeles	Temporary Power Pole Installation in Los Angeles	BlogPosting,BreadcrumbList,Electrician
/terms-of-service/	200				https://911electrics.com/terms-of-service/	Terms of Service | 911 Construction & Electric Inc.	Terms of Service	
/tesla-powerwall-installation-los-angeles/	200				https://911electrics.com/tesla-powerwall-installation-los-angeles/	Tesla Powerwall Installation in Los Angeles	Tesla Powerwall Installation in Los Angeles	BlogPosting,BreadcrumbList,Electrician
/tesla-wall-connector-installation-los-angeles/	200				https://911electrics.com/tesla-wall-connector-installation-los-angeles/	Tesla Wall Connector Installation in Los Angeles	Tesla Wall Connector Installation in Los Angeles	BlogPosting,BreadcrumbList,Electrician
/three-phase-power-installation-los-angeles/	200				https://911electrics.com/three-phase-power-installation-los-angeles/	Three-Phase Power Installation in Los Angeles	Three-Phase Power Installation in Los Angeles	BlogPosting,BreadcrumbList,Electrician
/top-5-benefits-panel-upgrade-ev-charger-los-angeles/	200				https://911electrics.com/top-5-benefits-panel-upgrade-ev-charger-los-angeles/	Top 5 Benefits of Upgrading Your Electrical Panel for EV Charging	Top 5 Benefits of Upgrading Your Electrical Panel for EV Charging	BlogPosting,BreadcrumbList,Electrician
/two-prong-to-three-prong-outlet-los-angeles/	200				https://911electrics.com/two-prong-to-three-prong-outlet-los-angeles/	Two-Prong to Three-Prong Outlet Upgrade in Los Angeles	Two-Prong to Three-Prong Outlet Upgrade in Los Angeles	BlogPosting,BreadcrumbList,Electrician
/under-cabinet-lighting-installation-los-angeles/	200				https://911electrics.com/under-cabinet-lighting-installation-los-angeles/	Under Cabinet Lighting Installation in Los Angeles	Under Cabinet Lighting Installation in Los Angeles	BlogPosting,BreadcrumbList,Electrician
/video-doorbell-installation-los-angeles/	200				https://911electrics.com/video-doorbell-installation-los-angeles/	Video Doorbell Installation in Los Angeles: Wiring Guide	Video Doorbell Installation in Los Angeles: Wiring Guide	BlogPosting,BreadcrumbList,Electrician
/warehouse-lighting-installation-los-angeles/	200				https://911electrics.com/warehouse-lighting-installation-los-angeles/	Warehouse Lighting Installation in Los Angeles	Warehouse Lighting Installation in Los Angeles	BlogPosting,BreadcrumbList,Electrician
/what-is-evitp-certification-los-angeles/	200				https://911electrics.com/what-is-evitp-certification-los-angeles/	What Is EVITP Certification? A Los Angeles Guide	What Is EVITP Certification? A Los Angeles Guide	BlogPosting,BreadcrumbList,Electrician
/whole-house-fan-installation-los-angeles/	200				https://911electrics.com/whole-house-fan-installation-los-angeles/	Whole House Fan Installation in Los Angeles	Whole House Fan Installation in Los Angeles	BlogPosting,BreadcrumbList,Electrician
/whole-house-generator-installation-los-angeles/	200				https://911electrics.com/whole-house-generator-installation-los-angeles/	Whole House Generator Installation LA | 911 Electric	Whole House Generator Installation in Los Angeles (2026)	BlogPosting,BreadcrumbList,Electrician
/whole-house-rewiring-cost-los-angeles/	200				https://911electrics.com/whole-house-rewiring-cost-los-angeles/	Whole-House Rewiring Cost in Los Angeles | 911 Electric	Whole-House Rewiring in Los Angeles: Cost & What to Expect	BlogPosting,BreadcrumbList,Electrician
/whole-house-surge-protector-installation-los-angeles/	200				https://911electrics.com/whole-house-surge-protector-installation-los-angeles/	Whole House Surge Protector Install LA | 911 Electric	Whole House Surge Protector Installation in Los Angeles	BlogPosting,BreadcrumbList,Electrician
/why-evitp-certification-matters-for-ev-charger-incentives-los-angeles/	200				https://911electrics.com/why-evitp-certification-matters-for-ev-charger-incentives-los-angeles/	EVITP Certified Electrician for EV Charger Rebates in Los Angeles	Why EVITP Certification Matters for EV Charger Incentives in Los Angeles	BlogPosting,BreadcrumbList,Electrician
/why-hiring-an-evitp-certified-installer-matters-in-los-angeles/	200				https://911electrics.com/why-hiring-an-evitp-certified-installer-matters-in-los-angeles/	Why Hiring an EVITP Certified Installer Matters in Los Angeles	Why Hiring an EVITP Certified Installer Matters in Los Angeles	BlogPosting,BreadcrumbList,Electrician
/wp-admin/	3xx	/studio/login/						
/zinsco-federal-pacific-panel-replacement-los-angeles/	200				https://911electrics.com/zinsco-federal-pacific-panel-replacement-los-angeles/	Zinsco & Federal Pacific Panel Dangers (LA) | 911 Electric	Zinsco & Federal Pacific Panels: Are They Safe? (Los Angeles)	BlogPosting,BreadcrumbList,Electrician
/zinsco-panel-replacement-los-angeles/	200				https://911electrics.com/zinsco-panel-replacement-los-angeles/	Zinsco & Federal Pacific Panel Replacement in Los Angeles	Zinsco & Federal Pacific Panel Replacement in Los Angeles	BlogPosting,BreadcrumbList,Electrician
